Username,Password,Privilege,First name,Last name
admin1,admin,Admin,Yuna ,Ng
admin2,admin,Admin,Chester,Ng
admin3,admin,Admin,Gerald,Lau
admin4,admin,Admin,Barry ,Teo
admin5,admin,Admin,Shaun,Tan
admin6,admin,Admin,Wei Jie,Lai
admin7,admin,Admin,Ivan,Wong
LD1@example.com,password,Public User,Liam,Davis
NR2@example.com,password,Public User,Noah,Rodriguez
OM3@example.com,password,Public User,Oliver,Martinez
EH4@example.com,password,Public User,Elijah,Hernandez
WL5@example.com,password,Public User,William,Lopez
JG6@example.com,password,Public User,James,Gonzalez
BW7@example.com,password,Public User,Benjamin,Wilson
LA8@example.com,password,Public User,Lucas,Anderson
HT9@example.com,password,Public User,Henry,Thomas
AT10@example.com,password,Public User,Alexander,Taylor
MM11@example.com,password,Public User,Mason,Moore
MJ12@example.com,password,Public User,Michael,Jackson
EM13@example.com,password,Public User,Ethan,Martin
DL14@example.com,password,Public User,Daniel,Lee
JP15@example.com,password,Public User,Jacob,Perez
LT16@example.com,password,Public User,Logan,Thompson
JW17@example.com,password,Public User,Jackson,White
LH18@example.com,password,Public User,Levi,Harris
SS19@example.com,password,Public User,Sebastian,Sanchez
MC20@example.com,password,Public User,Mateo,Clark
JR21@example.com,password,Public User,Jack,Ramirez
OL22@example.com,password,Public User,Owen,Lewis
TR23@example.com,password,Public User,Theodore,Robinson
AW24@example.com,password,Public User,Aiden,Walker
SY25@example.com,password,Public User,Samuel,Young
JA26@example.com,password,Public User,Joseph,Allen
JK27@example.com,password,Public User,John,King
DW28@example.com,password,Public User,David,Wright
WS29@example.com,password,Public User,Wyatt,Scott
MT30@example.com,password,Public User,Matthew,Torres
LN31@example.com,password,Public User,Luke,Nguyen
AH32@example.com,password,Public User,Asher,Hill
CF33@example.com,password,Public User,Carter,Flores
JG34@example.com,password,Public User,Julian,Green
GA35@example.com,password,Public User,Grayson,Adams
LN36@example.com,password,Public User,Leo,Nelson
JB37@example.com,password,Public User,Jayden,Baker
GH38@example.com,password,Public User,Gabriel,Hall
IR39@example.com,password,Public User,Isaac,Rivera
LC40@example.com,password,Public User,Lincoln,Campbell
AM41@example.com,password,Public User,Anthony,Mitchell
HC42@example.com,password,Public User,Hudson,Carter
DR43@example.com,password,Public User,Dylan,Roberts
EG44@example.com,password,Public User,Ezra,Gomez
TP45@example.com,password,Public User,Thomas,Phillips
CE46@example.com,password,Public User,Charles,Evans
CT47@example.com,password,Public User,Christopher,Turner
JD48@example.com,password,Public User,Jaxon,Diaz
MP49@example.com,password,Public User,Maverick,Parker
JC50@example.com,password,Public User,Josiah,Cruz
IE51@example.com,password,Public User,Isaiah,Edwards
AC52@example.com,password,Public User,Andrew,Collins
ER53@example.com,password,Public User,Elias,Reyes
JS54@example.com,password,Public User,Joshua,Stewart
NM55@example.com,password,Public User,Nathan,Morris
CM56@example.com,password,Public User,Caleb,Morales
RM57@example.com,password,Public User,Ryan,Murphy
AC58@example.com,password,Public User,Adrian,Cook
MR59@example.com,password,Public User,Miles,Rogers
EG60@example.com,password,Public User,Eli,Gutierrez
NO61@example.com,password,Public User,Nolan,Ortiz
CM62@example.com,password,Public User,Christian,Morgan
AC63@example.com,password,Public User,Aaron,Cooper
CP64@example.com,password,Public User,Cameron,Peterson
EB65@example.com,password,Public User,Ezekiel,Bailey
CR66@example.com,password,Public User,Colton,Reed
LK67@example.com,password,Public User,Luca,Kelly
LH68@example.com,password,Public User,Landon,Howard
HR69@example.com,password,Public User,Hunter,Ramos
JK70@example.com,password,Public User,Jonathan,Kim
SC71@example.com,password,Public User,Santiago,Cox
AW72@example.com,password,Public User,Axel,Ward
ER73@example.com,password,Public User,Easton,Richardson
CW74@example.com,password,Public User,Cooper,Watson
JB75@example.com,password,Public User,Jeremiah,Brooks
AC76@example.com,password,Public User,Angel,Chavez
RW77@example.com,password,Public User,Roman,Wood
CJ78@example.com,password,Public User,Connor,James
JB79@example.com,password,Public User,Jameson,Bennett
RG80@example.com,password,Public User,Robert,Gray
GM81@example.com,password,Public User,Greyson,Mendoza
JR82@example.com,password,Public User,Jordan,Ruiz
IH83@example.com,password,Public User,Ian,Hughes
CP84@example.com,password,Public User,Carson,Price
JA85@example.com,password,Public User,Jaxson,Alvarez
LC86@example.com,password,Public User,Leonardo,Castillo
NS87@example.com,password,Public User,Nicholas,Sanders
DP88@example.com,password,Public User,Dominic,Patel
AM89@example.com,password,Public User,Austin,Myers
EL90@example.com,password,Public User,Everett,Long
BR91@example.com,password,Public User,Brooks,Ross
XF92@example.com,password,Public User,Xavier,Foster
KJ93@example.com,password,Public User,Kai,Jimenez
JP94@example.com,password,Public User,Jose,Powell
PJ95@example.com,password,Public User,Parker,Jenkins
AP96@example.com,password,Public User,Adam,Perry
JR97@example.com,password,Public User,Jace,Russell
WS98@example.com,password,Public User,Wesley,Sullivan
KB99@example.com,password,Public User,Kayden,Bell
SC100@example.com,password,Public User,Silas,Coleman
BB101@example.com,password,Public User,Bennett,Butler
DH102@example.com,password,Public User,Declan,Henderson
WB103@example.com,password,Public User,Waylon,Barnes
WG104@example.com,password,Public User,Weston,Gonzales
EF105@example.com,password,Public User,Evan,Fisher
EV106@example.com,password,Public User,Emmett,Vasquez
MS107@example.com,password,Public User,Micah,Simmons
RR108@example.com,password,Public User,Ryder,Romero
BJ109@example.com,password,Public User,Beau,Jordan
DP110@example.com,password,Public User,Damian,Patterson
BA111@example.com,password,Public User,Brayden,Alexander
GH112@example.com,password,Public User,Gael,Hamilton
RG113@example.com,password,Public User,Rowan,Graham
HR114@example.com,password,Public User,Harrison,Reynolds
BG115@example.com,password,Public User,Bryson,Griffin
SW116@example.com,password,Public User,Sawyer,Wallace
AM117@example.com,password,Public User,Amir,Moreno
KW118@example.com,password,Public User,Kingston,West
JC119@example.com,password,Public User,Jason,Cole
GH120@example.com,password,Public User,Giovanni,Hayes
VB121@example.com,password,Public User,Vincent,Bryant
AH122@example.com,password,Public User,Ayden,Herrera
CG123@example.com,password,Public User,Chase,Gibson
ME124@example.com,password,Public User,Myles,Ellis
DT125@example.com,password,Public User,Diego,Tran
NM126@example.com,password,Public User,Nathaniel,Medina
LA127@example.com,password,Public User,Legend,Aguilar
JS128@example.com,password,Public User,Jonah,Stevens
RM129@example.com,password,Public User,River,Murray
TF130@example.com,password,Public User,Tyler,Ford
CC131@example.com,password,Public User,Cole,Castro
BM132@example.com,password,Public User,Braxton,Marshall
GO133@example.com,password,Public User,George,Owens
MH134@example.com,password,Public User,Milo,Harrison
ZF135@example.com,password,Public User,Zachary,Fernandez
AM136@example.com,password,Public User,Ashton,Mcdonald
LW137@example.com,password,Public User,Luis,Woods
JW138@example.com,password,Public User,Jasper,Washington
KK139@example.com,password,Public User,Kaiden,Kennedy
AW140@example.com,password,Public User,Adriel,Wells
GV141@example.com,password,Public User,Gavin,Vargas
BH142@example.com,password,Public User,Bentley,Henry
CC143@example.com,password,Public User,Calvin,Chen
ZF144@example.com,password,Public User,Zion,Freeman
JW145@example.com,password,Public User,Juan,Webb
MT146@example.com,password,Public User,Maxwell,Tucker
MG147@example.com,password,Public User,Max,Guzman
RB148@example.com,password,Public User,Ryker,Burns
CC149@example.com,password,Public User,Carlos,Crawford
EO150@example.com,password,Public User,Emmanuel,Olson
JS151@example.com,password,Public User,Jayce,Simpson
LP152@example.com,password,Public User,Lorenzo,Porter
IH153@example.com,password,Public User,Ivan,Hunter
JG154@example.com,password,Public User,Jude,Gordon
AM155@example.com,password,Public User,August,Mendez
KS156@example.com,password,Public User,Kevin,Silva
MS157@example.com,password,Public User,Malachi,Shaw
ES158@example.com,password,Public User,Elliott,Snyder
RM159@example.com,password,Public User,Rhett,Mason
AD160@example.com,password,Public User,Archer,Dixon
KM161@example.com,password,Public User,Karter,Munoz
AH162@example.com,password,Public User,Arthur,Hunt
LH163@example.com,password,Public User,Luka,Hicks
EH164@example.com,password,Public User,Elliot,Holmes
TP165@example.com,password,Public User,Thiago,Palmer
BW166@example.com,password,Public User,Brandon,Wagner
CB167@example.com,password,Public User,Camden,Black
JR168@example.com,password,Public User,Justin,Robertson
JB169@example.com,password,Public User,Jesus,Boyd
MR170@example.com,password,Public User,Maddox,Rose
KS171@example.com,password,Public User,King,Stone
TS172@example.com,password,Public User,Theo,Salazar
EF173@example.com,password,Public User,Enzo,Fox
MW174@example.com,password,Public User,Matteo,Warren
EM175@example.com,password,Public User,Emiliano,Mills
DM176@example.com,password,Public User,Dean,Meyer
HR177@example.com,password,Public User,Hayden,Rice
FS178@example.com,password,Public User,Finn,Schmidt
BG179@example.com,password,Public User,Brody,Garza
AD180@example.com,password,Public User,Antonio,Daniels
AF181@example.com,password,Public User,Abel,Ferguson
AN182@example.com,password,Public User,Alex,Nichols
TS183@example.com,password,Public User,Tristan,Stephens
GS184@example.com,password,Public User,Graham,Soto
ZW185@example.com,password,Public User,Zayden,Weaver
JR186@example.com,password,Public User,Judah,Ryan
XG187@example.com,password,Public User,Xander,Gardner
MP188@example.com,password,Public User,Miguel,Payne
AG189@example.com,password,Public User,Atlas,Grant
MD190@example.com,password,Public User,Messiah,Dunn
BK191@example.com,password,Public User,Barrett,Kelley
TS192@example.com,password,Public User,Tucker,Spencer
TH193@example.com,password,Public User,Timothy,Hawkins
AA194@example.com,password,Public User,Alan,Arnold
EP195@example.com,password,Public User,Edward,Pierce
LV196@example.com,password,Public User,Leon,Vazquez
DH197@example.com,password,Public User,Dawson,Hansen
EP198@example.com,password,Public User,Eric,Peters
AS199@example.com,password,Public User,Ace,Santos
VH200@example.com,password,Public User,Victor,Hart
AB201@example.com,password,Public User,Abraham,Bradley
NK202@example.com,password,Public User,Nicolas,Knight
JE203@example.com,password,Public User,Jesse,Elliott
CC204@example.com,password,Public User,Charlie,Cunningham
PD205@example.com,password,Public User,Patrick,Duncan
WA206@example.com,password,Public User,Walker,Armstrong
JH207@example.com,password,Public User,Joel,Hudson
RC208@example.com,password,Public User,Richard,Carroll
BL209@example.com,password,Public User,Beckett,Lane
BR210@example.com,password,Public User,Blake,Riley
AA211@example.com,password,Public User,Alejandro,Andrews
AA212@example.com,password,Public User,Avery,Alvarado
GR213@example.com,password,Public User,Grant,Ray
PD214@example.com,password,Public User,Peter,Delgado
OB215@example.com,password,Public User,Oscar,Berry
MP216@example.com,password,Public User,Matias,Perkins
AH217@example.com,password,Public User,Amari,Hoffman
LJ218@example.com,password,Public User,Lukas,Johnston
AM219@example.com,password,Public User,Andres,Matthews
AP220@example.com,password,Public User,Arlo,Pena
CR221@example.com,password,Public User,Colt,Richards
AC222@example.com,password,Public User,Adonis,Contreras
KW223@example.com,password,Public User,Kyrie,Willis
SC224@example.com,password,Public User,Steven,Carpenter
FL225@example.com,password,Public User,Felix,Lawrence
PS226@example.com,password,Public User,Preston,Sandoval
MG227@example.com,password,Public User,Marcus,Guerrero
HG228@example.com,password,Public User,Holden,George
EC229@example.com,password,Public User,Emilio,Chapman
RR230@example.com,password,Public User,Remington,Rios
JE231@example.com,password,Public User,Jeremy,Estrada
KO232@example.com,password,Public User,Kaleb,Ortega
BW233@example.com,password,Public User,Brantley,Watkins
BG234@example.com,password,Public User,Bryce,Greene
MN235@example.com,password,Public User,Mark,Nunez
KW236@example.com,password,Public User,Knox,Wheeler
IV237@example.com,password,Public User,Israel,Valdez
PH238@example.com,password,Public User,Phoenix,Harper
KB239@example.com,password,Public User,Kobe,Burke
NL240@example.com,password,Public User,Nash,Larson
GS241@example.com,password,Public User,Griffin,Santiago
CM242@example.com,password,Public User,Caden,Maldonado
KM243@example.com,password,Public User,Kenneth,Morrison
KF244@example.com,password,Public User,Kyler,Franklin
HC245@example.com,password,Public User,Hayes,Carlson
JA246@example.com,password,Public User,Jax,Austin
RD247@example.com,password,Public User,Rafael,Dominguez
BC248@example.com,password,Public User,Beckham,Carr
JL249@example.com,password,Public User,Javier,Lawson
MJ250@example.com,password,Public User,Maximus,Jacobs
SO251@example.com,password,Public User,Simon,Obrien
PL252@example.com,password,Public User,Paul,Lynch
OS253@example.com,password,Public User,Omar,Singh
KV254@example.com,password,Public User,Kaden,Vega
KB255@example.com,password,Public User,Kash,Bishop
LM256@example.com,password,Public User,Lane,Montgomery
BO257@example.com,password,Public User,Bryan,Oliver
RJ258@example.com,password,Public User,Riley,Jensen
ZH259@example.com,password,Public User,Zane,Harvey
LW260@example.com,password,Public User,Louis,Williamson
AG261@example.com,password,Public User,Aidan,Gilbert
PD262@example.com,password,Public User,Paxton,Dean
MS263@example.com,password,Public User,Maximiliano,Sims
KE264@example.com,password,Public User,Karson,Espinoza
CH265@example.com,password,Public User,Cash,Howell
CL266@example.com,password,Public User,Cayden,Li
EW267@example.com,password,Public User,Emerson,Wong
TR268@example.com,password,Public User,Tobias,Reid
RH269@example.com,password,Public User,Ronan,Hanson
BL270@example.com,password,Public User,Brian,Le
DM271@example.com,password,Public User,Dallas,Mccoy
BG272@example.com,password,Public User,Bradley,Garrett
JB273@example.com,password,Public User,Jorge,Burton
WF274@example.com,password,Public User,Walter,Fuller
JW275@example.com,password,Public User,Josue,Wang
KW276@example.com,password,Public User,Khalil,Weber
DW277@example.com,password,Public User,Damien,Welch
JR278@example.com,password,Public User,Jett,Rojas
KL279@example.com,password,Public User,Kairo,Lucas
ZM280@example.com,password,Public User,Zander,Marquez
AF281@example.com,password,Public User,Andre,Fields
CP282@example.com,password,Public User,Cohen,Park
CY283@example.com,password,Public User,Crew,Yang
HL284@example.com,password,Public User,Hendrix,Little
CB285@example.com,password,Public User,Colin,Banks
CP286@example.com,password,Public User,Chance,Padilla
MD287@example.com,password,Public User,Malakai,Day
CW288@example.com,password,Public User,Clayton,Walsh
DB289@example.com,password,Public User,Daxton,Bowman
MS290@example.com,password,Public User,Malcolm,Schultz
LL291@example.com,password,Public User,Lennox,Luna
MF292@example.com,password,Public User,Martin,Fowler
JM293@example.com,password,Public User,Jaden,Mejia
KD294@example.com,password,Public User,Kayson,Davidson
BA295@example.com,password,Public User,Bodhi,Acosta
FB296@example.com,password,Public User,Francisco,Brewer
CM297@example.com,password,Public User,Cody,May
EH298@example.com,password,Public User,Erick,Holland
KJ299@example.com,password,Public User,Kameron,Juarez
AN300@example.com,password,Public User,Atticus,Newman
DP301@example.com,password,Public User,Dante,Pearson
JC302@example.com,password,Public User,Jensen,Curtis
CC303@example.com,password,Public User,Cruz,Cortez
FD304@example.com,password,Public User,Finley,Douglas
BS305@example.com,password,Public User,Brady,Schneider
JJ306@example.com,password,Public User,Joaquin,Joseph
AB307@example.com,password,Public User,Anderson,Barrett
GN308@example.com,password,Public User,Gunner,Navarro
MF309@example.com,password,Public User,Muhammad,Figueroa
ZK310@example.com,password,Public User,Zayn,Keller
DA311@example.com,password,Public User,Derek,Avila
RW312@example.com,password,Public User,Raymond,Wade
KM313@example.com,password,Public User,Kyle,Molina
AS314@example.com,password,Public User,Angelo,Stanley
RH315@example.com,password,Public User,Reid,Hopkins
SC316@example.com,password,Public User,Spencer,Campos
NB317@example.com,password,Public User,Nico,Barnett
JB318@example.com,password,Public User,Jaylen,Bates
JC319@example.com,password,Public User,Jake,Chambers
PC320@example.com,password,Public User,Prince,Caldwell
MB321@example.com,password,Public User,Manuel,Beck
AL322@example.com,password,Public User,Ali,Lambert
GM323@example.com,password,Public User,Gideon,Miranda
SB324@example.com,password,Public User,Stephen,Byrd
EC325@example.com,password,Public User,Ellis,Craig
OA326@example.com,password,Public User,Orion,Ayala
RL327@example.com,password,Public User,Rylan,Lowe
EF328@example.com,password,Public User,Eduardo,Frazier
MP329@example.com,password,Public User,Mario,Powers
RN330@example.com,password,Public User,Rory,Neal
CL331@example.com,password,Public User,Cristian,Leonard
OG332@example.com,password,Public User,Odin,Gregory
TC333@example.com,password,Public User,Tanner,Carrillo
JS334@example.com,password,Public User,Julius,Sutton
CF335@example.com,password,Public User,Callum,Fleming
SR336@example.com,password,Public User,Sean,Rhodes
KS337@example.com,password,Public User,Kane,Shelton
RS338@example.com,password,Public User,Ricardo,Schwartz
TN339@example.com,password,Public User,Travis,Norris
WJ340@example.com,password,Public User,Wade,Jennings
WW341@example.com,password,Public User,Warren,Watts
FD342@example.com,password,Public User,Fernando,Duran
TW343@example.com,password,Public User,Titus,Walters
LC344@example.com,password,Public User,Leonel,Cohen
EM345@example.com,password,Public User,Edwin,Mcdaniel
CM346@example.com,password,Public User,Cairo,Moran
CP347@example.com,password,Public User,Corbin,Parks
DS348@example.com,password,Public User,Dakota,Steele
IV349@example.com,password,Public User,Ismael,Vaughn
CB350@example.com,password,Public User,Colson,Becker
KH351@example.com,password,Public User,Killian,Holt
MD352@example.com,password,Public User,Major,Deleon
TB353@example.com,password,Public User,Tate,Barker
GT354@example.com,password,Public User,Gianni,Terry
EH355@example.com,password,Public User,Elian,Hale
RL356@example.com,password,Public User,Remy,Leon
LH357@example.com,password,Public User,Lawson,Hail
NB358@example.com,password,Public User,Niko,Benson
NH359@example.com,password,Public User,Nasir,Haynes
KH360@example.com,password,Public User,Kade,Horton
AM361@example.com,password,Public User,Armani,Miles
EL362@example.com,password,Public User,Ezequiel,Lyons
MP363@example.com,password,Public User,Marshall,Pham
HG364@example.com,password,Public User,Hector,Graves
DB365@example.com,password,Public User,Desmond,Bush
KT366@example.com,password,Public User,Kason,Thornton
GW367@example.com,password,Public User,Garrett,Wolfe
JW368@example.com,password,Public User,Jared,Warner
CC369@example.com,password,Public User,Cyrus,Cabrera
RM370@example.com,password,Public User,Russell,Mckinney
CM371@example.com,password,Public User,Cesar,Mann
TZ372@example.com,password,Public User,Tyson,Zimmerman
MD373@example.com,password,Public User,Malik,Dawson
DL374@example.com,password,Public User,Donovan,Lara
JF375@example.com,password,Public User,Jaxton,Fletcher
CP376@example.com,password,Public User,Cade,Page
RM377@example.com,password,Public User,Romeo,Mccarthy
NL378@example.com,password,Public User,Nehemiah,Love
SR379@example.com,password,Public User,Sergio,Robles
IC380@example.com,password,Public User,Iker,Cervantes
CS381@example.com,password,Public User,Caiden,Solis
JE382@example.com,password,Public User,Jay,Erickson
PR383@example.com,password,Public User,Pablo,Reeves
DC384@example.com,password,Public User,Devin,Chang
JK385@example.com,password,Public User,Jeffrey,Klein
OS386@example.com,password,Public User,Otto,Salinas
KF387@example.com,password,Public User,Kamari,Fuentes
RB388@example.com,password,Public User,Ronin,Baldwin
JD389@example.com,password,Public User,Johnny,Daniel
CS390@example.com,password,Public User,Clark,Simon
AV391@example.com,password,Public User,Ari,Velasquez
MH392@example.com,password,Public User,Marco,Hardy
EH393@example.com,password,Public User,Edgar,Higgins
BA394@example.com,password,Public User,Bowen,Aguirre
JL395@example.com,password,Public User,Jaiden,Lin
GC396@example.com,password,Public User,Grady,Cummings
ZC397@example.com,password,Public User,Zayne,Chandler
SS398@example.com,password,Public User,Sullivan,Sharp
JB399@example.com,password,Public User,Jayceon,Barber
SB400@example.com,password,Public User,Sterling,Bowen
AO401@example.com,password,Public User,Andy,Ochoa
CD402@example.com,password,Public User,Conor,Dennis
RR403@example.com,password,Public User,Raiden,Robbins
RL404@example.com,password,Public User,Royal,Liu
RR405@example.com,password,Public User,Royce,Ramsey
SF406@example.com,password,Public User,Solomon,Francis
TG407@example.com,password,Public User,Trevor,Griffith
WP408@example.com,password,Public User,Winston,Paul
EB409@example.com,password,Public User,Emanuel,Blair
FO410@example.com,password,Public User,Finnegan,Oconnor
PC411@example.com,password,Public User,Pedro,Cardenas
LP412@example.com,password,Public User,Luciano,Pacheco
HC413@example.com,password,Public User,Harvey,Cross
FC414@example.com,password,Public User,Franklin,Calderon
NQ415@example.com,password,Public User,Noel,Quinn
TM416@example.com,password,Public User,Troy,Moss
PS417@example.com,password,Public User,Princeton,Swanson
JC418@example.com,password,Public User,Johnathan,Chan
ER419@example.com,password,Public User,Erik,Rivas
FK420@example.com,password,Public User,Fabian,Khan
OR421@example.com,password,Public User,Oakley,Rodgers
RS422@example.com,password,Public User,Rhys,Serrano
PF423@example.com,password,Public User,Porter,Fitzgerald
HR424@example.com,password,Public User,Hugo,Rosales
FS425@example.com,password,Public User,Frank,Stevenson
DC426@example.com,password,Public User,Damon,Christensen
KM427@example.com,password,Public User,Kendrick,Manning
MG428@example.com,password,Public User,Mathias,Gill
MC429@example.com,password,Public User,Milan,Curry
PM430@example.com,password,Public User,Peyton,Mclaughlin
WH431@example.com,password,Public User,Wilder,Harmon
CM432@example.com,password,Public User,Callan,Mcgee
GG433@example.com,password,Public User,Gregory,Gross
SD434@example.com,password,Public User,Seth,Doyle
MG435@example.com,password,Public User,Matthias,Garner
BN436@example.com,password,Public User,Briggs,Newton
IB437@example.com,password,Public User,Ibrahim,Burgess
RR438@example.com,password,Public User,Roberto,Reese
CW439@example.com,password,Public User,Conner,Walton
QB440@example.com,password,Public User,Quinn,Blake
KT441@example.com,password,Public User,Kashton,Trujillo
SA442@example.com,password,Public User,Sage,Adkins
SB443@example.com,password,Public User,Santino,Brady
KG444@example.com,password,Public User,Kolton,Goodman
AR445@example.com,password,Public User,Alijah,Roman
DW446@example.com,password,Public User,Dominick,Webster
ZG447@example.com,password,Public User,Zyaire,Goodwin
AF448@example.com,password,Public User,Apollo,Fischer
KH449@example.com,password,Public User,Kylo,Huang
RP450@example.com,password,Public User,Reed,Potter
PD451@example.com,password,Public User,Philip,Delacruz
KM452@example.com,password,Public User,Kian,Montoya
ST453@example.com,password,Public User,Shawn,Todd
KW454@example.com,password,Public User,Kaison,Wu
LH455@example.com,password,Public User,Leonidas,Hines
AM456@example.com,password,Public User,Ayaan,Mullins
LC457@example.com,password,Public User,Lucca,Castaneda
MM458@example.com,password,Public User,Memphis,Malone
FC459@example.com,password,Public User,Ford,Cannon
BT460@example.com,password,Public User,Baylor,Tate
KM461@example.com,password,Public User,Kyson,Mack
US462@example.com,password,Public User,Uriel,Sherman
AH463@example.com,password,Public User,Allen,Hubbard
CH464@example.com,password,Public User,Collin,Hodges
RZ465@example.com,password,Public User,Ruben,Zhang
AG466@example.com,password,Public User,Archie,Guerra
DW467@example.com,password,Public User,Dalton,Wolf
EV468@example.com,password,Public User,Esteban,Valencia
AF469@example.com,password,Public User,Adan,Franco
FS470@example.com,password,Public User,Forrest,Saunders
AR471@example.com,password,Public User,Alonzo,Rowe
IG472@example.com,password,Public User,Isaias,Gallagher
LF473@example.com,password,Public User,Leland,Farmer
JH474@example.com,password,Public User,Jase,Hammond
DH475@example.com,password,Public User,Dax,Hampton
KT476@example.com,password,Public User,Kasen,Townsend
GI477@example.com,password,Public User,Gage,Ingram
KW478@example.com,password,Public User,Kamden,Wise
MG479@example.com,password,Public User,Marcos,Gallegos
JC480@example.com,password,Public User,Jamison,Clarke
FB481@example.com,password,Public User,Francis,Barton
HS482@example.com,password,Public User,Hank,Schroeder
AM483@example.com,password,Public User,Alexis,Maxwell
TW484@example.com,password,Public User,Tripp,Waters
FL485@example.com,password,Public User,Frederick,Logan
JC486@example.com,password,Public User,Jonas,Camacho
SS487@example.com,password,Public User,Stetson,Strickland
CN488@example.com,password,Public User,Cassius,Norman
IP489@example.com,password,Public User,Izaiah,Person
EC490@example.com,password,Public User,Eden,Colon
MP491@example.com,password,Public User,Maximilian,Parsons
RF492@example.com,password,Public User,Rocco,Frank
TH493@example.com,password,Public User,Tatum,Harrington
KG494@example.com,password,Public User,Keegan,Glover
AO495@example.com,password,Public User,Aziel,Osborne
MB496@example.com,password,Public User,Moses,Buchanan
BC497@example.com,password,Public User,Bruce,Casey
LF498@example.com,password,Public User,Lewis,Floyd
BP499@example.com,password,Public User,Braylen,Patton
OI500@example.com,password,Public User,Omari,Ibarra
MB501@example.com,password,Public User,Mack,Ball
AT502@example.com,password,Public User,Augustus,Tyler
ES503@example.com,password,Public User,Enrique,Suarez
AB504@example.com,password,Public User,Armando,Bowers
PO505@example.com,password,Public User,Pierce,Orozco
MS506@example.com,password,Public User,Moises,Salas
AC507@example.com,password,Public User,Asa,Cobb
SG508@example.com,password,Public User,Shane,Gibbs
EA509@example.com,password,Public User,Emmitt,Andrade
SB510@example.com,password,Public User,Soren,Bauer
DC511@example.com,password,Public User,Dorian,Conner
KM512@example.com,password,Public User,Keanu,Moody
ZE513@example.com,password,Public User,Zaiden,Escobar
RM514@example.com,password,Public User,Raphael,Mcguire
DL515@example.com,password,Public User,Deacon,Lloyd
AM516@example.com,password,Public User,Abdiel,Mueller
KH517@example.com,password,Public User,Kieran,Hartman
PF518@example.com,password,Public User,Phillip,French
RK519@example.com,password,Public User,Ryland,Kramer
ZM520@example.com,password,Public User,Zachariah,Mcbride
CP521@example.com,password,Public User,Casey,Pope
ZL522@example.com,password,Public User,Zaire,Lindsey
AV523@example.com,password,Public User,Albert,Velazquez
BN524@example.com,password,Public User,Baker,Norton
CM525@example.com,password,Public User,Corey,Mccormick
KS526@example.com,password,Public User,Kylan,Sparks
DF527@example.com,password,Public User,Denver,Flynn
GY528@example.com,password,Public User,Gunnar,Yates
JH529@example.com,password,Public User,Jayson,Hogan
DM530@example.com,password,Public User,Drew,Marsh
CM531@example.com,password,Public User,Callen,Macias
JV532@example.com,password,Public User,Jasiah,Villanueva
DZ533@example.com,password,Public User,Drake,Zamora
KP534@example.com,password,Public User,Kannon,Pratt
BS535@example.com,password,Public User,Braylon,Stokes
SO536@example.com,password,Public User,Sonny,Owen
BB537@example.com,password,Public User,Bo,Ballard
ML538@example.com,password,Public User,Moshe,Lang
HB539@example.com,password,Public User,Huxley,Brock
QV540@example.com,password,Public User,Quentin,Villarreal
RC541@example.com,password,Public User,Rowen,Charles
SD542@example.com,password,Public User,Santana,Drake
CB543@example.com,password,Public User,Cannon,Barrera
KC544@example.com,password,Public User,Kenzo,Cain
WP545@example.com,password,Public User,Wells,Patrick
JP546@example.com,password,Public User,Julio,Pineda
NB547@example.com,password,Public User,Nikolai,Burnett
CM548@example.com,password,Public User,Conrad,Mercado
JS549@example.com,password,Public User,Jalen,Santana
MS550@example.com,password,Public User,Makai,Shepherd
BB551@example.com,password,Public User,Benson,Bautista
DA552@example.com,password,Public User,Derrick,Ali
GS553@example.com,password,Public User,Gerardo,Shaffer
DL554@example.com,password,Public User,Davis,Lamb
AT555@example.com,password,Public User,Abram,Trevino
MM556@example.com,password,Public User,Mohamed,Mckenzie
RH557@example.com,password,Public User,Ronald,Hess
RB558@example.com,password,Public User,Raul,Beil
AO559@example.com,password,Public User,Arjun,Olsen
DC560@example.com,password,Public User,Dexter,Cochran
KM561@example.com,password,Public User,Kaysen,Morton
JN562@example.com,password,Public User,Jaime,Nash
SW563@example.com,password,Public User,Scott,Wilkins
LP564@example.com,password,Public User,Lawrence,Petersen
AB565@example.com,password,Public User,Ariel,Briggs
SS566@example.com,password,Public User,Skyler,Shah
DR567@example.com,password,Public User,Danny,Roth
RN568@example.com,password,Public User,Roland,Nicholson
CH569@example.com,password,Public User,Chandler,Holloway
YL570@example.com,password,Public User,Yusuf,Lozano
SF571@example.com,password,Public User,Samson,Flowers
CR572@example.com,password,Public User,Case,Rangel
ZH573@example.com,password,Public User,Zain,Hoover
RA574@example.com,password,Public User,Roy,Arias
RS575@example.com,password,Public User,Rodrigo,Short
SM576@example.com,password,Public User,Sutton,Mora
BV577@example.com,password,Public User,Boone,Valenzuela
SB578@example.com,password,Public User,Saint,Bryan
SM579@example.com,password,Public User,Saul,Meyers
JW580@example.com,password,Public User,Jaziel,Weiss
HU581@example.com,password,Public User,Hezekiah,Underwood
AB582@example.com,password,Public User,Alec,Bass
AG583@example.com,password,Public User,Arturo,Greer
JS584@example.com,password,Public User,Jamari,Summers
JH585@example.com,password,Public User,Jaxtyn,Houston
JC586@example.com,password,Public User,Julien,Carson
KM587@example.com,password,Public User,Koa,Morrow
RC588@example.com,password,Public User,Reece,Clayton
LW589@example.com,password,Public User,Landen,Whitaker
KD590@example.com,password,Public User,Koda,Decker
DY591@example.com,password,Public User,Darius,Yoder
SC592@example.com,password,Public User,Sylas,Collier
AZ593@example.com,password,Public User,Ares,Zuniga
KC594@example.com,password,Public User,Kyree,Carey
BW595@example.com,password,Public User,Boston,Wilcox
KM596@example.com,password,Public User,Keith,Melendez
TP597@example.com,password,Public User,Taylor,Poole
JR598@example.com,password,Public User,Johan,Roberson
EL599@example.com,password,Public User,Edison,Larsen
SC600@example.com,password,Public User,Sincere,Conley
WD601@example.com,password,Public User,Watson,Davenport
JC602@example.com,password,Public User,Jerry,Copeland
NM603@example.com,password,Public User,Nikolas,Massey
QL604@example.com,password,Public User,Quincy,Lam
SH605@example.com,password,Public User,Shepherd,Huff
BR606@example.com,password,Public User,Brycen,Rocha
MC607@example.com,password,Public User,Marvin,Cameron
DJ608@example.com,password,Public User,Dariel,Jefferson
AH609@example.com,password,Public User,Axton,Hood
DM610@example.com,password,Public User,Donald,Monroe
BA611@example.com,password,Public User,Bodie,Anthony
FP612@example.com,password,Public User,Finnley,Pittman
OH613@example.com,password,Public User,Onyx,Huynh
RR614@example.com,password,Public User,Rayan,Randall
RS615@example.com,password,Public User,Raylan,Singleton
BK616@example.com,password,Public User,Brixton,Kirk
CC617@example.com,password,Public User,Colby,Combs
SM618@example.com,password,Public User,Shiloh,Mathis
VC619@example.com,password,Public User,Valentino,Christian
LS620@example.com,password,Public User,Layton,Skinner
TB621@example.com,password,Public User,Trenton,Bradford
LR622@example.com,password,Public User,Landyn,Richard
AG623@example.com,password,Public User,Alessandro,Galvan
AW624@example.com,password,Public User,Ahmad,Wall
GB625@example.com,password,Public User,Gustavo,Boone
LK626@example.com,password,Public User,Ledger,Kirby
RW627@example.com,password,Public User,Ridge,Wilkinson
AB628@example.com,password,Public User,Ander,Bridges
AB629@example.com,password,Public User,Ahmed,Bruce
KA630@example.com,password,Public User,Kingsley,Atkinson
IV631@example.com,password,Public User,Issac,Velez
MM632@example.com,password,Public User,Mauricio,Meza
TR633@example.com,password,Public User,Tony,Roy
LV634@example.com,password,Public User,Leonard,Vincent
MY635@example.com,password,Public User,Mohammed,York
UH636@example.com,password,Public User,Uriah,Hodge
DV637@example.com,password,Public User,Duke,Villa
KA638@example.com,password,Public User,Kareem,Abbott
LA639@example.com,password,Public User,Lucian,Allison
MT640@example.com,password,Public User,Marcelo,Tapia
AG641@example.com,password,Public User,Aarav,Gates
LC642@example.com,password,Public User,Leandro,Chase
RS643@example.com,password,Public User,Reign,Sosa
CS644@example.com,password,Public User,Clay,Sweeney
KF645@example.com,password,Public User,Kohen,Farrell
DW646@example.com,password,Public User,Dennis,Wyatt
SD647@example.com,password,Public User,Samir,Dalton
EH648@example.com,password,Public User,Ermias,Horn
OB649@example.com,password,Public User,Otis,Barron
EP650@example.com,password,Public User,Emir,Phelps
NY651@example.com,password,Public User,Nixon,Yu
TD652@example.com,password,Public User,Ty,Dickerson
SH653@example.com,password,Public User,Sam,Heath
FF654@example.com,password,Public User,Fletcher,Foley
WA655@example.com,password,Public User,Wilson,Atkins
DM656@example.com,password,Public User,Dustin,Mathews
HB657@example.com,password,Public User,Hamza,Bonilla
BA658@example.com,password,Public User,Bryant,Acevedo
FB659@example.com,password,Public User,Flynn,Benitez
LZ660@example.com,password,Public User,Lionel,Zavala
MH661@example.com,password,Public User,Mohammad,Hensley
CG662@example.com,password,Public User,Cason,Glenn
JC663@example.com,password,Public User,Jamir,Cisneros
AH664@example.com,password,Public User,Aden,Harrell
DS665@example.com,password,Public User,Dakari,Shields
JR666@example.com,password,Public User,Justice,Rubio
DC667@example.com,password,Public User,Dillon,Choi
LH668@example.com,password,Public User,Layne,Huffman
ZB669@example.com,password,Public User,Zaid,Boyer
AG670@example.com,password,Public User,Alden,Garrison
NA671@example.com,password,Public User,Nelson,Arroyo
DB672@example.com,password,Public User,Devon,Bond
TK673@example.com,password,Public User,Titan,Kane
CH674@example.com,password,Public User,Chris,Hancock
KC675@example.com,password,Public User,Khari,Callahan
ZD676@example.com,password,Public User,Zeke,Dillon
NC677@example.com,password,Public User,Noe,Cline
AW678@example.com,password,Public User,Alberto,Wiggins
RG679@example.com,password,Public User,Roger,Grimes
BA680@example.com,password,Public User,Brock,Arellano
RM681@example.com,password,Public User,Rex,Melton
QO682@example.com,password,Public User,Quinton,Oneill
AS683@example.com,password,Public User,Alvin,Savage
CH684@example.com,password,Public User,Cullen,Ho
AB685@example.com,password,Public User,Azariah,Beltran
HP686@example.com,password,Public User,Harlan,Pitts
KP687@example.com,password,Public User,Kellan,Parrish
LP688@example.com,password,Public User,Lennon,Ponce
MR689@example.com,password,Public User,Marcel,Rich
KB690@example.com,password,Public User,Keaton,Booth
MK691@example.com,password,Public User,Morgan,Koch
RG692@example.com,password,Public User,Ricky,Golden
TW693@example.com,password,Public User,Trey,Ware
KB694@example.com,password,Public User,Karsyn,Brennan
LM695@example.com,password,Public User,Langston,Mcdowell
MM696@example.com,password,Public User,Miller,Marks
CC697@example.com,password,Public User,Chaim,Cantu
SH698@example.com,password,Public User,Salvador,Humphrey
AB699@example.com,password,Public User,Amias,Baxter
TS700@example.com,password,Public User,Tadeo,Sawyer
CC701@example.com,password,Public User,Curtis,Clay
LT702@example.com,password,Public User,Lachlan,Tanner
AH703@example.com,password,Public User,Amos,Hutchinson
AK704@example.com,password,Public User,Anakin,Kaur
KB705@example.com,password,Public User,Krew,Berg
TW706@example.com,password,Public User,Tomas,Wiley
JG707@example.com,password,Public User,Jefferson,Gilmore
YR708@example.com,password,Public User,Yosef,Russo
BV709@example.com,password,Public User,Bruno,Villegas
KH710@example.com,password,Public User,Korbin,Hobbs
AK711@example.com,password,Public User,Augustine,Keith
CW712@example.com,password,Public User,Cayson,Wilkerson
MA713@example.com,password,Public User,Mathew,Ahmed
VB714@example.com,password,Public User,Vihaan,Beard
JM715@example.com,password,Public User,Jamie,Mcclain
CM716@example.com,password,Public User,Clyde,Montes
BM717@example.com,password,Public User,Brendan,Mata
JR718@example.com,password,Public User,Jagger,Rosario
CV719@example.com,password,Public User,Carmelo,Vang
HS720@example.com,password,Public User,Harry,S
NS721@example.com,password,Public User,Nathanael,S
MW722@example.com,password,Public User,Mitchell,Walter
DH723@example.com,password,Public User,Darren,Henson
RO724@example.com,password,Public User,Ray,Oneal
JM725@example.com,password,Public User,Jedidiah,Mosley
JM726@example.com,password,Public User,Jimmy,Mcclure
LB727@example.com,password,Public User,Lochlan,Beasley
BS728@example.com,password,Public User,Bellamy,Stephenson
ES729@example.com,password,Public User,Eddie,Snow
RH730@example.com,password,Public User,Rayden,Huerta
RP731@example.com,password,Public User,Reese,Preston
SV732@example.com,password,Public User,Stanley,Vance
JB733@example.com,password,Public User,Joe,Barry
HJ734@example.com,password,Public User,Houston,Johns
DE735@example.com,password,Public User,Douglas,Eaton
VB736@example.com,password,Public User,Vincenzo,Blackwell
CD737@example.com,password,Public User,Casen,Dyer
EP738@example.com,password,Public User,Emery,Prince
JM739@example.com,password,Public User,Joziah,Macdonald
LS740@example.com,password,Public User,Leighton,Solomon
MG741@example.com,password,Public User,Marcellus,Guevara
AS742@example.com,password,Public User,Atreus,Stafford
AE743@example.com,password,Public User,Aron,English
HH744@example.com,password,Public User,Hugh,Hurst
MW745@example.com,password,Public User,Musa,Woodard
TC746@example.com,password,Public User,Tommy,Cortes
AS747@example.com,password,Public User,Alfredo,Shannon
JK748@example.com,password,Public User,Junior,Kemp
NN749@example.com,password,Public User,Neil,Nolan
WM750@example.com,password,Public User,Westley,Mccullough
OM751@example.com,password,Public User,Olivia,Merritt
EM752@example.com,password,Public User,Emma,Murillo
AM753@example.com,password,Public User,Ava,Moon
CS754@example.com,password,Public User,Charlotte,Salgado
SS755@example.com,password,Public User,Sophia,Strong
AK756@example.com,password,Public User,Amelia,Kline
IC757@example.com,password,Public User,Isabella,Cordova
MB758@example.com,password,Public User,Mia,Barajas
ER759@example.com,password,Public User,Evelyn,Roach
HR760@example.com,password,Public User,Harper,Rosas
CW761@example.com,password,Public User,Camila,Winters
GJ762@example.com,password,Public User,Gianna,Jacobson
AL763@example.com,password,Public User,Abigail,Lester
LK764@example.com,password,Public User,Luna,Knox
EB765@example.com,password,Public User,Ella,Bullock
EK766@example.com,password,Public User,Elizabeth,Kerr
SL767@example.com,password,Public User,Sofia,Leach
EM768@example.com,password,Public User,Emily,Meadows
AD769@example.com,password,Public User,Avery,Davila
MO770@example.com,password,Public User,Mila,Orr
SW771@example.com,password,Public User,Scarlett,Whitehead
EP772@example.com,password,Public User,Eleanor,Pruitt
MK773@example.com,password,Public User,Madison,Kent
LC774@example.com,password,Public User,Layla,Conway
PM775@example.com,password,Public User,Penelope,Mckee
AB776@example.com,password,Public User,Aria,Barr
CD777@example.com,password,Public User,Chloe,David
GD778@example.com,password,Public User,Grace,Dejesus
EM779@example.com,password,Public User,Ellie,Marin
NB780@example.com,password,Public User,Nora,Berger
HM781@example.com,password,Public User,Hazel,Mcintyre
ZB782@example.com,password,Public User,Zoey,Blankenship
RG783@example.com,password,Public User,Riley,Gaines
VP784@example.com,password,Public User,Victoria,Palacios
LC785@example.com,password,Public User,Lily,Cuevas
AB786@example.com,password,Public User,Aurora,Bartlett
VD787@example.com,password,Public User,Violet,Durham
ND788@example.com,password,Public User,Nova,Dorsey
HM789@example.com,password,Public User,Hannah,Mccall
EO790@example.com,password,Public User,Emilia,Odonnell
ZS791@example.com,password,Public User,Zoe,Stein
SB792@example.com,password,Public User,Stella,Browning
ES793@example.com,password,Public User,Everly,Stout
IL794@example.com,password,Public User,Isla,Lowery
LS795@example.com,password,Public User,Leah,Sloan
LM796@example.com,password,Public User,Lillian,Mclean
AH797@example.com,password,Public User,Addison,Hendricks
WC798@example.com,password,Public User,Willow,Calhoun
LS799@example.com,password,Public User,Lucy,Sexton
PC800@example.com,password,Public User,Paisley,Chung
NG801@example.com,password,Public User,Natalie,Gentry
NH802@example.com,password,Public User,Naomi,Hull
ED803@example.com,password,Public User,Eliana,Duarte
BE804@example.com,password,Public User,Brooklyn,Ellison
EN805@example.com,password,Public User,Elena,Nielsen
AG806@example.com,password,Public User,Aubrey,Gillespie
CB807@example.com,password,Public User,Claire,Buck
IM808@example.com,password,Public User,Ivy,Middleton
KS809@example.com,password,Public User,Kinsley,Sellers
AL810@example.com,password,Public User,Audrey,Leblanc
ME811@example.com,password,Public User,Maya,Esparza
GH812@example.com,password,Public User,Genesis,Hardin
SB813@example.com,password,Public User,Skylar,Bradshaw
BM814@example.com,password,Public User,Bella,Mcintosh
AH815@example.com,password,Public User,Aaliyah,Howe
ML816@example.com,password,Public User,Madelyn,Livingston
SF817@example.com,password,Public User,Savannah,Frost
AG818@example.com,password,Public User,Anna,Glass
DM819@example.com,password,Public User,Delilah,Morse
SK820@example.com,password,Public User,Serenity,Knapp
CH821@example.com,password,Public User,Caroline,Herman
KS822@example.com,password,Public User,Kennedy,Stark
VB823@example.com,password,Public User,Valentina,Bravo
RN824@example.com,password,Public User,Ruby,Noble
SS825@example.com,password,Public User,Sophie,Spears
AW826@example.com,password,Public User,Alice,Weeks
GC827@example.com,password,Public User,Gabriella,Corona
SF828@example.com,password,Public User,Sadie,Frederick
AB829@example.com,password,Public User,Ariana,Buckley
AM830@example.com,password,Public User,Allison,Mcfarland
HH831@example.com,password,Public User,Hailey,Hebert
AE832@example.com,password,Public User,Autumn,Enriquez
NH833@example.com,password,Public User,Nevaeh,Hickman
NQ834@example.com,password,Public User,Natalia,Quintero
QR835@example.com,password,Public User,Quinn,Randolph
JS836@example.com,password,Public User,Josephine,Schaefer
SW837@example.com,password,Public User,Sarah,Walls
CT838@example.com,password,Public User,Cora,Trejo
EH839@example.com,password,Public User,Emery,House
SR840@example.com,password,Public User,Samantha,Reilly
PP841@example.com,password,Public User,Piper,Pennington
LM842@example.com,password,Public User,Leilani,Michael
EC843@example.com,password,Public User,Eva,Conrad
EG844@example.com,password,Public User,Everleigh,Giles
MB845@example.com,password,Public User,Madeline,Benjamin
LC846@example.com,password,Public User,Lydia,Crosby
JF847@example.com,password,Public User,Jade,Fitzpatrick
PD848@example.com,password,Public User,Peyton,Donovan
BM849@example.com,password,Public User,Brielle,Mays
AM850@example.com,password,Public User,Adeline,Mahoney
VV851@example.com,password,Public User,Vivian,Valentine
RR852@example.com,password,Public User,Rylee,Raymond
CM853@example.com,password,Public User,Clara,Medrano
RH854@example.com,password,Public User,Raelynn,Hahn
MM855@example.com,password,Public User,Melanie,Mcmillan
MS856@example.com,password,Public User,Melody,Small
JB857@example.com,password,Public User,Julia,Bentley
AF858@example.com,password,Public User,Athena,Felix
MP859@example.com,password,Public User,Maria,Peck
LL860@example.com,password,Public User,Liliana,Lucero
HB861@example.com,password,Public User,Hadley,Boyle
AH862@example.com,password,Public User,Arya,Hanna
RP863@example.com,password,Public User,Rose,Pace
RR864@example.com,password,Public User,Reagan,Rush
EH865@example.com,password,Public User,Eliza,Hurley
AH866@example.com,password,Public User,Adalynn,Harding
KM867@example.com,password,Public User,Kaylee,Mcconnell
LB868@example.com,password,Public User,Lyla,Bernal
MN869@example.com,password,Public User,Mackenzie,Nava
AA870@example.com,password,Public User,Alaia,Ayers
IE871@example.com,password,Public User,Isabelle,Everett
CV872@example.com,password,Public User,Charlie,Ventura
AA873@example.com,password,Public User,Arianna,Avery
MP874@example.com,password,Public User,Mary,Pugh
RM875@example.com,password,Public User,Remi,Mayer
MB876@example.com,password,Public User,Margaret,Bender
IS877@example.com,password,Public User,Iris,Shepard
PM878@example.com,password,Public User,Parker,Mcmahon
XL879@example.com,password,Public User,Ximena,Landry
EC880@example.com,password,Public User,Eden,Case
AS881@example.com,password,Public User,Ayla,Sampson
KM882@example.com,password,Public User,Kylie,Moses
EM883@example.com,password,Public User,Elliana,Magana
JB884@example.com,password,Public User,Josie,Blackburn
KD885@example.com,password,Public User,Katherine,Dunlap
FG886@example.com,password,Public User,Faith,Gould
AD887@example.com,password,Public User,Alexandra,Duffy
EV888@example.com,password,Public User,Eloise,Vaughan
AH889@example.com,password,Public User,Adalyn,Herring
AM890@example.com,password,Public User,Amaya,Mckay
JE891@example.com,password,Public User,Jasmine,Espinosa
AR892@example.com,password,Public User,Amara,Rivers
DF893@example.com,password,Public User,Daisy,Farley
RB894@example.com,password,Public User,Reese,Bernard
VA895@example.com,password,Public User,Valerie,Ashley
BF896@example.com,password,Public User,Brianna,Friedman
CP897@example.com,password,Public User,Cecilia,Potts
AT898@example.com,password,Public User,Andrea,Truong
SC899@example.com,password,Public User,Summer,Costa
VC900@example.com,password,Public User,Valeria,Correa
NB901@example.com,password,Public User,Norah,Blevins
AN902@example.com,password,Public User,Ariella,Nixon
EC903@example.com,password,Public User,Esther,Clements
AF904@example.com,password,Public User,Ashley,Fry
ED905@example.com,password,Public User,Emerson,Delarosa
AB906@example.com,password,Public User,Aubree,Best
IB907@example.com,password,Public User,Isabel,Benton
AL908@example.com,password,Public User,Anastasia,Lugo
RP909@example.com,password,Public User,Ryleigh,Portillo
KD910@example.com,password,Public User,Khloe,Dougherty
TC911@example.com,password,Public User,Taylor,Crane
LH912@example.com,password,Public User,Londyn,Haley
LP913@example.com,password,Public User,Lucia,Phan
EV914@example.com,password,Public User,Emersyn,Villalobos
CB915@example.com,password,Public User,Callie,Blanchard
SH916@example.com,password,Public User,Sienna,Horne
BF917@example.com,password,Public User,Blakely,Finley
KQ918@example.com,password,Public User,Kehlani,Quintana
GL919@example.com,password,Public User,Genevieve,Lynn
AE920@example.com,password,Public User,Alina,Esquivel
BB921@example.com,password,Public User,Bailey,Bean
JD922@example.com,password,Public User,Juniper,Dodson
MM923@example.com,password,Public User,Maeve,Mullen
MX924@example.com,password,Public User,Molly,Xiong
HH925@example.com,password,Public User,Harmony,Hayden
GC926@example.com,password,Public User,Georgia,Cano
ML927@example.com,password,Public User,Magnolia,Levy
CH928@example.com,password,Public User,Catalina,Huber
FR929@example.com,password,Public User,Freya,Richmond
JM930@example.com,password,Public User,Juliette,Moyer
SL931@example.com,password,Public User,Sloane,Lim
JF932@example.com,password,Public User,June,Frye
SS933@example.com,password,Public User,Sara,Sheppard
AM934@example.com,password,Public User,Ada,Mccarty
KA935@example.com,password,Public User,Kimberly,Avalos
RB936@example.com,password,Public User,River,Booker
EW937@example.com,password,Public User,Ember,Waller
JP938@example.com,password,Public User,Juliana,Parra
AW939@example.com,password,Public User,Aliyah,Woodward
MJ940@example.com,password,Public User,Millie,Jaramillo
BK941@example.com,password,Public User,Brynlee,Krueger
TR942@example.com,password,Public User,Teagan,Rasmussen
MB943@example.com,password,Public User,Morgan,Brandt
JP944@example.com,password,Public User,Jordyn,Peralta
LD945@example.com,password,Public User,London,Donaldson
AS946@example.com,password,Public User,Alaina,Stuart
OF947@example.com,password,Public User,Olive,Faulkner
RM948@example.com,password,Public User,Rosalie,Maynard
AG949@example.com,password,Public User,Alyssa,Galindo
AC950@example.com,password,Public User,Ariel,Coffey
FE951@example.com,password,Public User,Finley,Estes
AS952@example.com,password,Public User,Arabella,Sanford
JB953@example.com,password,Public User,Journee,Burch
HM954@example.com,password,Public User,Hope,Maddox
LV955@example.com,password,Public User,Leila,Vo
AO956@example.com,password,Public User,Alana,Oconnell
GV957@example.com,password,Public User,Gemma,Vu
VS958@example.com,password,Public User,Vanessa,S
GS959@example.com,password,Public User,Gracie,S
NA960@example.com,password,Public User,Noelle,Andersen
MS961@example.com,password,Public User,Marley,Spence
EM962@example.com,password,Public User,Elise,Mcpherson
PC963@example.com,password,Public User,Presley,Church
KS964@example.com,password,Public User,Kamila,Schmitt
ZS965@example.com,password,Public User,Zara,Stanton
AL966@example.com,password,Public User,Amy,Leal
KC967@example.com,password,Public User,Kayla,Cherry
PC968@example.com,password,Public User,Payton,Compton
BD969@example.com,password,Public User,Blake,Dudley
RS970@example.com,password,Public User,Ruth,Sierra
AP971@example.com,password,Public User,Alani,Pollard
AA972@example.com,password,Public User,Annabelle,Alfaro
SH973@example.com,password,Public User,Sage,Hester
AP974@example.com,password,Public User,Aspen,Proctor
LL975@example.com,password,Public User,Laila,Lu
LH976@example.com,password,Public User,Lila,Hinton
RN977@example.com,password,Public User,Rachel,Novak
TG978@example.com,password,Public User,Trinity,Good
DM979@example.com,password,Public User,Daniela,Madden
AM980@example.com,password,Public User,Alexa,Mccann
LT981@example.com,password,Public User,Lilly,Terrell
LJ982@example.com,password,Public User,Lauren,Jarvis
ED983@example.com,password,Public User,Elsie,Dickson
MR984@example.com,password,Public User,Margot,Reyna
AC985@example.com,password,Public User,Adelyn,Cantrell
ZM986@example.com,password,Public User,Zuri,Mayo
BB987@example.com,password,Public User,Brooke,Branch
SH988@example.com,password,Public User,Sawyer,Hendrix
LR989@example.com,password,Public User,Lilah,Rollins
LR990@example.com,password,Public User,Lola,Rowland
SW991@example.com,password,Public User,Selena,Whitney
MD992@example.com,password,Public User,Mya,Duke
SO993@example.com,password,Public User,Sydney,Odom
DS994@example.com,password,Public User,Diana,Smith
AJ995@example.com,password,Public User,Ana,Johnson
VW996@example.com,password,Public User,Vera,Williams
AB997@example.com,password,Public User,Alayna,Brown
NJ998@example.com,password,Public User,Nyla,Jones
EG999@example.com,password,Public User,Elaina,Garcia
RM1000@example.com,password,Public User,Rebecca,Miller
AM1001@example.com,password,Business Owner,Alivia,Martinez
RH1002@example.com,password,Business Owner,Raegan,Hernandez
RL1003@example.com,password,Business Owner,Rowan,Lopez
PG1004@example.com,password,Business Owner,Phoebe,Gonzalez
CW1005@example.com,password,Business Owner,Camilla,Wilson
JA1006@example.com,password,Business Owner,Joanna,Anderson
MT1007@example.com,password,Business Owner,Malia,Thomas
VT1008@example.com,password,Business Owner,Vivienne,Taylor
DM1009@example.com,password,Business Owner,Dakota,Moore
BJ1010@example.com,password,Business Owner,Brooklynn,Jackson
EM1011@example.com,password,Business Owner,Evangeline,Martin
CL1012@example.com,password,Business Owner,Camille,Lee
JP1013@example.com,password,Business Owner,Jane,Perez
NT1014@example.com,password,Business Owner,Nicole,Thompson
CW1015@example.com,password,Business Owner,Catherine,White
JH1016@example.com,password,Business Owner,Jocelyn,Harris
JS1017@example.com,password,Business Owner,Julianna,Sanchez
LC1018@example.com,password,Business Owner,Lena,Clark
LR1019@example.com,password,Business Owner,Lucille,Ramirez
ML1020@example.com,password,Business Owner,Mckenna,Lewis
PR1021@example.com,password,Business Owner,Paige,Robinson
AW1022@example.com,password,Business Owner,Adelaide,Walker
CY1023@example.com,password,Business Owner,Charlee,Young
MA1024@example.com,password,Business Owner,Mariana,Allen
MK1025@example.com,password,Business Owner,Myla,King
AD1026@example.com,password,Health Staff,Amaia,Douglas
PS1027@example.com,password,Health Staff,Priscilla,Schneider
BJ1028@example.com,password,Health Staff,Briar,Joseph
KB1029@example.com,password,Health Staff,Kaliyah,Barrett
IN1030@example.com,password,Health Staff,Itzel,Navarro
OF1031@example.com,password,Health Staff,Oaklyn,Figueroa
AK1032@example.com,password,Health Staff,Alma,Keller
MA1033@example.com,password,Health Staff,Mallory,Avila
NW1034@example.com,password,Health Staff,Novah,Wade
AM1035@example.com,password,Health Staff,Amalia,Molina
FS1036@example.com,password,Health Staff,Fernanda,Stanley
AH1037@example.com,password,Health Staff,Alia,Hopkins
AC1038@example.com,password,Health Staff,Angelica,Campos
EB1039@example.com,password,Health Staff,Elliot,Barnett
JB1040@example.com,password,Health Staff,Justice,Bates
MC1041@example.com,password,Health Staff,Mae,Chambers
CC1042@example.com,password,Health Staff,Cecelia,Caldwell
GB1043@example.com,password,Health Staff,Gloria,Beck
AL1044@example.com,password,Health Staff,Ariya,Lambert
VM1045@example.com,password,Health Staff,Virginia,Miranda
CB1046@example.com,password,Health Staff,Cheyenne,Byrd
AC1047@example.com,password,Health Staff,Aleah,Craig
JA1048@example.com,password,Health Staff,Jemma,Ayala
HL1049@example.com,password,Health Staff,Henley,Lowe
MF1050@example.com,password,Health Staff,Meredith,Frazier