BusinessOwner,PublicUser,VisitedDate
AM1001@example.com,LD1@example.com,20/05/2021
AM1001@example.com,NR2@example.com,20/05/2021
AM1001@example.com,OM3@example.com,20/05/2021
AM1001@example.com,EH4@example.com,20/05/2021
AM1001@example.com,WL5@example.com,20/05/2021
AM1001@example.com,JG6@example.com,20/05/2021
AM1001@example.com,BW7@example.com,20/05/2021
AM1001@example.com,LA8@example.com,20/05/2021
AM1001@example.com,HT9@example.com,20/05/2021
AM1001@example.com,AT10@example.com,20/05/2021
AM1001@example.com,MM11@example.com,20/05/2021
AM1001@example.com,MJ12@example.com,20/05/2021
AM1001@example.com,EM13@example.com,20/05/2021
AM1001@example.com,DL14@example.com,20/05/2021
AM1001@example.com,JP15@example.com,20/05/2021
AM1001@example.com,LT16@example.com,20/05/2021
AM1001@example.com,JW17@example.com,20/05/2021
AM1001@example.com,LH18@example.com,20/05/2021
AM1001@example.com,SS19@example.com,20/05/2021
AM1001@example.com,MC20@example.com,20/05/2021
AM1001@example.com,JR21@example.com,20/05/2021
AM1001@example.com,OL22@example.com,20/05/2021
AM1001@example.com,TR23@example.com,20/05/2021
AM1001@example.com,AW24@example.com,20/05/2021
AM1001@example.com,SY25@example.com,20/05/2021
AM1001@example.com,JA26@example.com,20/05/2021
AM1001@example.com,JK27@example.com,20/05/2021
AM1001@example.com,DW28@example.com,20/05/2021
AM1001@example.com,WS29@example.com,20/05/2021
AM1001@example.com,MT30@example.com,20/05/2021
AM1001@example.com,LN31@example.com,20/05/2021
AM1001@example.com,AH32@example.com,20/05/2021
AM1001@example.com,CF33@example.com,20/05/2021
AM1001@example.com,JG34@example.com,20/05/2021
AM1001@example.com,GA35@example.com,20/05/2021
AM1001@example.com,LN36@example.com,20/05/2021
AM1001@example.com,JB37@example.com,20/05/2021
AM1001@example.com,GH38@example.com,20/05/2021
AM1001@example.com,IR39@example.com,20/05/2021
AM1001@example.com,LC40@example.com,20/05/2021
RH1002@example.com,AM41@example.com,20/05/2021
RH1002@example.com,HC42@example.com,20/05/2021
RH1002@example.com,DR43@example.com,20/05/2021
RH1002@example.com,EG44@example.com,20/05/2021
RH1002@example.com,TP45@example.com,20/05/2021
RH1002@example.com,CE46@example.com,20/05/2021
RH1002@example.com,CT47@example.com,20/05/2021
RH1002@example.com,JD48@example.com,20/05/2021
RH1002@example.com,MP49@example.com,20/05/2021
RH1002@example.com,JC50@example.com,20/05/2021
RH1002@example.com,IE51@example.com,20/05/2021
RH1002@example.com,AC52@example.com,20/05/2021
RH1002@example.com,ER53@example.com,20/05/2021
RH1002@example.com,JS54@example.com,20/05/2021
RH1002@example.com,NM55@example.com,20/05/2021
RH1002@example.com,CM56@example.com,20/05/2021
RH1002@example.com,RM57@example.com,20/05/2021
RH1002@example.com,AC58@example.com,20/05/2021
RH1002@example.com,MR59@example.com,20/05/2021
RH1002@example.com,EG60@example.com,20/05/2021
RH1002@example.com,NO61@example.com,20/05/2021
RH1002@example.com,CM62@example.com,20/05/2021
RH1002@example.com,AC63@example.com,20/05/2021
RH1002@example.com,CP64@example.com,20/05/2021
RH1002@example.com,EB65@example.com,20/05/2021
RH1002@example.com,CR66@example.com,20/05/2021
RH1002@example.com,LK67@example.com,20/05/2021
RH1002@example.com,LH68@example.com,20/05/2021
RH1002@example.com,HR69@example.com,20/05/2021
RH1002@example.com,JK70@example.com,20/05/2021
RH1002@example.com,SC71@example.com,20/05/2021
RH1002@example.com,AW72@example.com,20/05/2021
RH1002@example.com,ER73@example.com,20/05/2021
RH1002@example.com,CW74@example.com,20/05/2021
RH1002@example.com,JB75@example.com,20/05/2021
RH1002@example.com,AC76@example.com,20/05/2021
RH1002@example.com,RW77@example.com,20/05/2021
RH1002@example.com,CJ78@example.com,20/05/2021
RH1002@example.com,JB79@example.com,20/05/2021
RH1002@example.com,RG80@example.com,20/05/2021
RL1003@example.com,GM81@example.com,20/05/2021
RL1003@example.com,JR82@example.com,20/05/2021
RL1003@example.com,IH83@example.com,20/05/2021
RL1003@example.com,CP84@example.com,20/05/2021
RL1003@example.com,JA85@example.com,20/05/2021
RL1003@example.com,LC86@example.com,20/05/2021
RL1003@example.com,NS87@example.com,20/05/2021
RL1003@example.com,DP88@example.com,20/05/2021
RL1003@example.com,AM89@example.com,20/05/2021
RL1003@example.com,EL90@example.com,20/05/2021
RL1003@example.com,BR91@example.com,20/05/2021
RL1003@example.com,XF92@example.com,20/05/2021
RL1003@example.com,KJ93@example.com,20/05/2021
RL1003@example.com,JP94@example.com,20/05/2021
RL1003@example.com,PJ95@example.com,20/05/2021
RL1003@example.com,AP96@example.com,20/05/2021
RL1003@example.com,JR97@example.com,20/05/2021
RL1003@example.com,WS98@example.com,20/05/2021
RL1003@example.com,KB99@example.com,20/05/2021
RL1003@example.com,SC100@example.com,20/05/2021
RL1003@example.com,BB101@example.com,20/05/2021
RL1003@example.com,DH102@example.com,20/05/2021
RL1003@example.com,WB103@example.com,20/05/2021
RL1003@example.com,WG104@example.com,20/05/2021
RL1003@example.com,EF105@example.com,20/05/2021
RL1003@example.com,EV106@example.com,20/05/2021
RL1003@example.com,MS107@example.com,20/05/2021
RL1003@example.com,RR108@example.com,20/05/2021
RL1003@example.com,BJ109@example.com,20/05/2021
RL1003@example.com,DP110@example.com,20/05/2021
RL1003@example.com,BA111@example.com,20/05/2021
RL1003@example.com,GH112@example.com,20/05/2021
RL1003@example.com,RG113@example.com,20/05/2021
RL1003@example.com,HR114@example.com,20/05/2021
RL1003@example.com,BG115@example.com,20/05/2021
RL1003@example.com,SW116@example.com,20/05/2021
RL1003@example.com,AM117@example.com,20/05/2021
RL1003@example.com,KW118@example.com,20/05/2021
RL1003@example.com,JC119@example.com,20/05/2021
RL1003@example.com,GH120@example.com,20/05/2021
PG1004@example.com,VB121@example.com,20/05/2021
PG1004@example.com,AH122@example.com,20/05/2021
PG1004@example.com,CG123@example.com,20/05/2021
PG1004@example.com,ME124@example.com,20/05/2021
PG1004@example.com,DT125@example.com,20/05/2021
PG1004@example.com,NM126@example.com,20/05/2021
PG1004@example.com,LA127@example.com,20/05/2021
PG1004@example.com,JS128@example.com,20/05/2021
PG1004@example.com,RM129@example.com,20/05/2021
PG1004@example.com,TF130@example.com,20/05/2021
PG1004@example.com,CC131@example.com,20/05/2021
PG1004@example.com,BM132@example.com,20/05/2021
PG1004@example.com,GO133@example.com,20/05/2021
PG1004@example.com,MH134@example.com,20/05/2021
PG1004@example.com,ZF135@example.com,20/05/2021
PG1004@example.com,AM136@example.com,20/05/2021
PG1004@example.com,LW137@example.com,20/05/2021
PG1004@example.com,JW138@example.com,20/05/2021
PG1004@example.com,KK139@example.com,20/05/2021
PG1004@example.com,AW140@example.com,20/05/2021
PG1004@example.com,GV141@example.com,20/05/2021
PG1004@example.com,BH142@example.com,20/05/2021
PG1004@example.com,CC143@example.com,20/05/2021
PG1004@example.com,ZF144@example.com,20/05/2021
PG1004@example.com,JW145@example.com,20/05/2021
PG1004@example.com,MT146@example.com,20/05/2021
PG1004@example.com,MG147@example.com,20/05/2021
PG1004@example.com,RB148@example.com,20/05/2021
PG1004@example.com,CC149@example.com,20/05/2021
PG1004@example.com,EO150@example.com,20/05/2021
PG1004@example.com,JS151@example.com,20/05/2021
PG1004@example.com,LP152@example.com,20/05/2021
PG1004@example.com,IH153@example.com,20/05/2021
PG1004@example.com,JG154@example.com,20/05/2021
PG1004@example.com,AM155@example.com,20/05/2021
PG1004@example.com,KS156@example.com,20/05/2021
PG1004@example.com,MS157@example.com,20/05/2021
PG1004@example.com,ES158@example.com,20/05/2021
PG1004@example.com,RM159@example.com,20/05/2021
PG1004@example.com,AD160@example.com,20/05/2021
CW1005@example.com,KM161@example.com,20/05/2021
CW1005@example.com,AH162@example.com,20/05/2021
CW1005@example.com,LH163@example.com,20/05/2021
CW1005@example.com,EH164@example.com,20/05/2021
CW1005@example.com,TP165@example.com,20/05/2021
CW1005@example.com,BW166@example.com,20/05/2021
CW1005@example.com,CB167@example.com,20/05/2021
CW1005@example.com,JR168@example.com,20/05/2021
CW1005@example.com,JB169@example.com,20/05/2021
CW1005@example.com,MR170@example.com,20/05/2021
CW1005@example.com,KS171@example.com,20/05/2021
CW1005@example.com,TS172@example.com,20/05/2021
CW1005@example.com,EF173@example.com,20/05/2021
CW1005@example.com,MW174@example.com,20/05/2021
CW1005@example.com,EM175@example.com,20/05/2021
CW1005@example.com,DM176@example.com,20/05/2021
CW1005@example.com,HR177@example.com,20/05/2021
CW1005@example.com,FS178@example.com,20/05/2021
CW1005@example.com,BG179@example.com,20/05/2021
CW1005@example.com,AD180@example.com,20/05/2021
CW1005@example.com,AF181@example.com,20/05/2021
CW1005@example.com,AN182@example.com,20/05/2021
CW1005@example.com,TS183@example.com,20/05/2021
CW1005@example.com,GS184@example.com,20/05/2021
CW1005@example.com,ZW185@example.com,20/05/2021
CW1005@example.com,JR186@example.com,20/05/2021
CW1005@example.com,XG187@example.com,20/05/2021
CW1005@example.com,MP188@example.com,20/05/2021
CW1005@example.com,AG189@example.com,20/05/2021
CW1005@example.com,MD190@example.com,20/05/2021
CW1005@example.com,BK191@example.com,20/05/2021
CW1005@example.com,TS192@example.com,20/05/2021
CW1005@example.com,TH193@example.com,20/05/2021
CW1005@example.com,AA194@example.com,20/05/2021
CW1005@example.com,EP195@example.com,20/05/2021
CW1005@example.com,LV196@example.com,20/05/2021
CW1005@example.com,DH197@example.com,20/05/2021
CW1005@example.com,EP198@example.com,20/05/2021
CW1005@example.com,AS199@example.com,20/05/2021
CW1005@example.com,VH200@example.com,20/05/2021
JA1006@example.com,AB201@example.com,20/05/2021
JA1006@example.com,NK202@example.com,20/05/2021
JA1006@example.com,JE203@example.com,20/05/2021
JA1006@example.com,CC204@example.com,20/05/2021
JA1006@example.com,PD205@example.com,20/05/2021
JA1006@example.com,WA206@example.com,20/05/2021
JA1006@example.com,JH207@example.com,20/05/2021
JA1006@example.com,RC208@example.com,20/05/2021
JA1006@example.com,BL209@example.com,20/05/2021
JA1006@example.com,BR210@example.com,20/05/2021
JA1006@example.com,AA211@example.com,20/05/2021
JA1006@example.com,AA212@example.com,20/05/2021
JA1006@example.com,GR213@example.com,20/05/2021
JA1006@example.com,PD214@example.com,20/05/2021
JA1006@example.com,OB215@example.com,20/05/2021
JA1006@example.com,MP216@example.com,20/05/2021
JA1006@example.com,AH217@example.com,20/05/2021
JA1006@example.com,LJ218@example.com,20/05/2021
JA1006@example.com,AM219@example.com,20/05/2021
JA1006@example.com,AP220@example.com,20/05/2021
JA1006@example.com,CR221@example.com,20/05/2021
JA1006@example.com,AC222@example.com,20/05/2021
JA1006@example.com,KW223@example.com,20/05/2021
JA1006@example.com,SC224@example.com,20/05/2021
JA1006@example.com,FL225@example.com,20/05/2021
JA1006@example.com,PS226@example.com,20/05/2021
JA1006@example.com,MG227@example.com,20/05/2021
JA1006@example.com,HG228@example.com,20/05/2021
JA1006@example.com,EC229@example.com,20/05/2021
JA1006@example.com,RR230@example.com,20/05/2021
JA1006@example.com,JE231@example.com,20/05/2021
JA1006@example.com,KO232@example.com,20/05/2021
JA1006@example.com,BW233@example.com,20/05/2021
JA1006@example.com,BG234@example.com,20/05/2021
JA1006@example.com,MN235@example.com,20/05/2021
JA1006@example.com,KW236@example.com,20/05/2021
JA1006@example.com,IV237@example.com,20/05/2021
JA1006@example.com,PH238@example.com,20/05/2021
JA1006@example.com,KB239@example.com,20/05/2021
JA1006@example.com,NL240@example.com,20/05/2021
MT1007@example.com,GS241@example.com,20/05/2021
MT1007@example.com,CM242@example.com,20/05/2021
MT1007@example.com,KM243@example.com,20/05/2021
MT1007@example.com,KF244@example.com,20/05/2021
MT1007@example.com,HC245@example.com,20/05/2021
MT1007@example.com,JA246@example.com,20/05/2021
MT1007@example.com,RD247@example.com,20/05/2021
MT1007@example.com,BC248@example.com,20/05/2021
MT1007@example.com,JL249@example.com,20/05/2021
MT1007@example.com,MJ250@example.com,20/05/2021
MT1007@example.com,SO251@example.com,20/05/2021
MT1007@example.com,PL252@example.com,20/05/2021
MT1007@example.com,OS253@example.com,20/05/2021
MT1007@example.com,KV254@example.com,20/05/2021
MT1007@example.com,KB255@example.com,20/05/2021
MT1007@example.com,LM256@example.com,20/05/2021
MT1007@example.com,BO257@example.com,20/05/2021
MT1007@example.com,RJ258@example.com,20/05/2021
MT1007@example.com,ZH259@example.com,20/05/2021
MT1007@example.com,LW260@example.com,20/05/2021
MT1007@example.com,AG261@example.com,20/05/2021
MT1007@example.com,PD262@example.com,20/05/2021
MT1007@example.com,MS263@example.com,20/05/2021
MT1007@example.com,KE264@example.com,20/05/2021
MT1007@example.com,CH265@example.com,20/05/2021
MT1007@example.com,CL266@example.com,20/05/2021
MT1007@example.com,EW267@example.com,20/05/2021
MT1007@example.com,TR268@example.com,20/05/2021
MT1007@example.com,RH269@example.com,20/05/2021
MT1007@example.com,BL270@example.com,20/05/2021
MT1007@example.com,DM271@example.com,20/05/2021
MT1007@example.com,BG272@example.com,20/05/2021
MT1007@example.com,JB273@example.com,20/05/2021
MT1007@example.com,WF274@example.com,20/05/2021
MT1007@example.com,JW275@example.com,20/05/2021
MT1007@example.com,KW276@example.com,20/05/2021
MT1007@example.com,DW277@example.com,20/05/2021
MT1007@example.com,JR278@example.com,20/05/2021
MT1007@example.com,KL279@example.com,20/05/2021
MT1007@example.com,ZM280@example.com,20/05/2021
VT1008@example.com,AF281@example.com,20/05/2021
VT1008@example.com,CP282@example.com,20/05/2021
VT1008@example.com,CY283@example.com,20/05/2021
VT1008@example.com,HL284@example.com,20/05/2021
VT1008@example.com,CB285@example.com,20/05/2021
VT1008@example.com,CP286@example.com,20/05/2021
VT1008@example.com,MD287@example.com,20/05/2021
VT1008@example.com,CW288@example.com,20/05/2021
VT1008@example.com,DB289@example.com,20/05/2021
VT1008@example.com,MS290@example.com,20/05/2021
VT1008@example.com,LL291@example.com,20/05/2021
VT1008@example.com,MF292@example.com,20/05/2021
VT1008@example.com,JM293@example.com,20/05/2021
VT1008@example.com,KD294@example.com,20/05/2021
VT1008@example.com,BA295@example.com,20/05/2021
VT1008@example.com,FB296@example.com,20/05/2021
VT1008@example.com,CM297@example.com,20/05/2021
VT1008@example.com,EH298@example.com,20/05/2021
VT1008@example.com,KJ299@example.com,20/05/2021
VT1008@example.com,AN300@example.com,20/05/2021
VT1008@example.com,DP301@example.com,20/05/2021
VT1008@example.com,JC302@example.com,20/05/2021
VT1008@example.com,CC303@example.com,20/05/2021
VT1008@example.com,FD304@example.com,20/05/2021
VT1008@example.com,BS305@example.com,20/05/2021
VT1008@example.com,JJ306@example.com,20/05/2021
VT1008@example.com,AB307@example.com,20/05/2021
VT1008@example.com,GN308@example.com,20/05/2021
VT1008@example.com,MF309@example.com,20/05/2021
VT1008@example.com,ZK310@example.com,20/05/2021
VT1008@example.com,DA311@example.com,20/05/2021
VT1008@example.com,RW312@example.com,20/05/2021
VT1008@example.com,KM313@example.com,20/05/2021
VT1008@example.com,AS314@example.com,20/05/2021
VT1008@example.com,RH315@example.com,20/05/2021
VT1008@example.com,SC316@example.com,20/05/2021
VT1008@example.com,NB317@example.com,20/05/2021
VT1008@example.com,JB318@example.com,20/05/2021
VT1008@example.com,JC319@example.com,20/05/2021
VT1008@example.com,PC320@example.com,20/05/2021
DM1009@example.com,MB321@example.com,20/05/2021
DM1009@example.com,AL322@example.com,20/05/2021
DM1009@example.com,GM323@example.com,20/05/2021
DM1009@example.com,SB324@example.com,20/05/2021
DM1009@example.com,EC325@example.com,20/05/2021
DM1009@example.com,OA326@example.com,20/05/2021
DM1009@example.com,RL327@example.com,20/05/2021
DM1009@example.com,EF328@example.com,20/05/2021
DM1009@example.com,MP329@example.com,20/05/2021
DM1009@example.com,RN330@example.com,20/05/2021
DM1009@example.com,CL331@example.com,20/05/2021
DM1009@example.com,OG332@example.com,20/05/2021
DM1009@example.com,TC333@example.com,20/05/2021
DM1009@example.com,JS334@example.com,20/05/2021
DM1009@example.com,CF335@example.com,20/05/2021
DM1009@example.com,SR336@example.com,20/05/2021
DM1009@example.com,KS337@example.com,20/05/2021
DM1009@example.com,RS338@example.com,20/05/2021
DM1009@example.com,TN339@example.com,20/05/2021
DM1009@example.com,WJ340@example.com,20/05/2021
DM1009@example.com,WW341@example.com,20/05/2021
DM1009@example.com,FD342@example.com,20/05/2021
DM1009@example.com,TW343@example.com,20/05/2021
DM1009@example.com,LC344@example.com,20/05/2021
DM1009@example.com,EM345@example.com,20/05/2021
DM1009@example.com,CM346@example.com,20/05/2021
DM1009@example.com,CP347@example.com,20/05/2021
DM1009@example.com,DS348@example.com,20/05/2021
DM1009@example.com,IV349@example.com,20/05/2021
DM1009@example.com,CB350@example.com,20/05/2021
DM1009@example.com,KH351@example.com,20/05/2021
DM1009@example.com,MD352@example.com,20/05/2021
DM1009@example.com,TB353@example.com,20/05/2021
DM1009@example.com,GT354@example.com,20/05/2021
DM1009@example.com,EH355@example.com,20/05/2021
DM1009@example.com,RL356@example.com,20/05/2021
DM1009@example.com,LH357@example.com,20/05/2021
DM1009@example.com,NB358@example.com,20/05/2021
DM1009@example.com,NH359@example.com,20/05/2021
DM1009@example.com,KH360@example.com,20/05/2021
BJ1010@example.com,AM361@example.com,20/05/2021
BJ1010@example.com,EL362@example.com,20/05/2021
BJ1010@example.com,MP363@example.com,20/05/2021
BJ1010@example.com,HG364@example.com,20/05/2021
BJ1010@example.com,DB365@example.com,20/05/2021
BJ1010@example.com,KT366@example.com,20/05/2021
BJ1010@example.com,GW367@example.com,20/05/2021
BJ1010@example.com,JW368@example.com,20/05/2021
BJ1010@example.com,CC369@example.com,20/05/2021
BJ1010@example.com,RM370@example.com,20/05/2021
BJ1010@example.com,CM371@example.com,20/05/2021
BJ1010@example.com,TZ372@example.com,20/05/2021
BJ1010@example.com,MD373@example.com,20/05/2021
BJ1010@example.com,DL374@example.com,20/05/2021
BJ1010@example.com,JF375@example.com,20/05/2021
BJ1010@example.com,CP376@example.com,20/05/2021
BJ1010@example.com,RM377@example.com,20/05/2021
BJ1010@example.com,NL378@example.com,20/05/2021
BJ1010@example.com,SR379@example.com,20/05/2021
BJ1010@example.com,IC380@example.com,20/05/2021
BJ1010@example.com,CS381@example.com,20/05/2021
BJ1010@example.com,JE382@example.com,20/05/2021
BJ1010@example.com,PR383@example.com,20/05/2021
BJ1010@example.com,DC384@example.com,20/05/2021
BJ1010@example.com,JK385@example.com,20/05/2021
BJ1010@example.com,OS386@example.com,20/05/2021
BJ1010@example.com,KF387@example.com,20/05/2021
BJ1010@example.com,RB388@example.com,20/05/2021
BJ1010@example.com,JD389@example.com,20/05/2021
BJ1010@example.com,CS390@example.com,20/05/2021
BJ1010@example.com,AV391@example.com,20/05/2021
BJ1010@example.com,MH392@example.com,20/05/2021
BJ1010@example.com,EH393@example.com,20/05/2021
BJ1010@example.com,BA394@example.com,20/05/2021
BJ1010@example.com,JL395@example.com,20/05/2021
BJ1010@example.com,GC396@example.com,20/05/2021
BJ1010@example.com,ZC397@example.com,20/05/2021
BJ1010@example.com,SS398@example.com,20/05/2021
BJ1010@example.com,JB399@example.com,20/05/2021
BJ1010@example.com,SB400@example.com,20/05/2021
EM1011@example.com,AO401@example.com,20/05/2021
EM1011@example.com,CD402@example.com,20/05/2021
EM1011@example.com,RR403@example.com,20/05/2021
EM1011@example.com,RL404@example.com,20/05/2021
EM1011@example.com,RR405@example.com,20/05/2021
EM1011@example.com,SF406@example.com,20/05/2021
EM1011@example.com,TG407@example.com,20/05/2021
EM1011@example.com,WP408@example.com,20/05/2021
EM1011@example.com,EB409@example.com,20/05/2021
EM1011@example.com,FO410@example.com,20/05/2021
EM1011@example.com,PC411@example.com,20/05/2021
EM1011@example.com,LP412@example.com,20/05/2021
EM1011@example.com,HC413@example.com,20/05/2021
EM1011@example.com,FC414@example.com,20/05/2021
EM1011@example.com,NQ415@example.com,20/05/2021
EM1011@example.com,TM416@example.com,20/05/2021
EM1011@example.com,PS417@example.com,20/05/2021
EM1011@example.com,JC418@example.com,20/05/2021
EM1011@example.com,ER419@example.com,20/05/2021
EM1011@example.com,FK420@example.com,20/05/2021
EM1011@example.com,OR421@example.com,20/05/2021
EM1011@example.com,RS422@example.com,20/05/2021
EM1011@example.com,PF423@example.com,20/05/2021
EM1011@example.com,HR424@example.com,20/05/2021
EM1011@example.com,FS425@example.com,20/05/2021
EM1011@example.com,DC426@example.com,20/05/2021
EM1011@example.com,KM427@example.com,20/05/2021
EM1011@example.com,MG428@example.com,20/05/2021
EM1011@example.com,MC429@example.com,20/05/2021
EM1011@example.com,PM430@example.com,20/05/2021
EM1011@example.com,WH431@example.com,20/05/2021
EM1011@example.com,CM432@example.com,20/05/2021
EM1011@example.com,GG433@example.com,20/05/2021
EM1011@example.com,SD434@example.com,20/05/2021
EM1011@example.com,MG435@example.com,20/05/2021
EM1011@example.com,BN436@example.com,20/05/2021
EM1011@example.com,IB437@example.com,20/05/2021
EM1011@example.com,RR438@example.com,20/05/2021
EM1011@example.com,CW439@example.com,20/05/2021
EM1011@example.com,QB440@example.com,20/05/2021
CL1012@example.com,KT441@example.com,20/05/2021
CL1012@example.com,SA442@example.com,20/05/2021
CL1012@example.com,SB443@example.com,20/05/2021
CL1012@example.com,KG444@example.com,20/05/2021
CL1012@example.com,AR445@example.com,20/05/2021
CL1012@example.com,DW446@example.com,20/05/2021
CL1012@example.com,ZG447@example.com,20/05/2021
CL1012@example.com,AF448@example.com,20/05/2021
CL1012@example.com,KH449@example.com,20/05/2021
CL1012@example.com,RP450@example.com,20/05/2021
CL1012@example.com,PD451@example.com,20/05/2021
CL1012@example.com,KM452@example.com,20/05/2021
CL1012@example.com,ST453@example.com,20/05/2021
CL1012@example.com,KW454@example.com,20/05/2021
CL1012@example.com,LH455@example.com,20/05/2021
CL1012@example.com,AM456@example.com,20/05/2021
CL1012@example.com,LC457@example.com,20/05/2021
CL1012@example.com,MM458@example.com,20/05/2021
CL1012@example.com,FC459@example.com,20/05/2021
CL1012@example.com,BT460@example.com,20/05/2021
CL1012@example.com,KM461@example.com,20/05/2021
CL1012@example.com,US462@example.com,20/05/2021
CL1012@example.com,AH463@example.com,20/05/2021
CL1012@example.com,CH464@example.com,20/05/2021
CL1012@example.com,RZ465@example.com,20/05/2021
CL1012@example.com,AG466@example.com,20/05/2021
CL1012@example.com,DW467@example.com,20/05/2021
CL1012@example.com,EV468@example.com,20/05/2021
CL1012@example.com,AF469@example.com,20/05/2021
CL1012@example.com,FS470@example.com,20/05/2021
CL1012@example.com,AR471@example.com,20/05/2021
CL1012@example.com,IG472@example.com,20/05/2021
CL1012@example.com,LF473@example.com,20/05/2021
CL1012@example.com,JH474@example.com,20/05/2021
CL1012@example.com,DH475@example.com,20/05/2021
CL1012@example.com,KT476@example.com,20/05/2021
CL1012@example.com,GI477@example.com,20/05/2021
CL1012@example.com,KW478@example.com,20/05/2021
CL1012@example.com,MG479@example.com,20/05/2021
CL1012@example.com,JC480@example.com,20/05/2021
JP1013@example.com,FB481@example.com,20/05/2021
JP1013@example.com,HS482@example.com,20/05/2021
JP1013@example.com,AM483@example.com,20/05/2021
JP1013@example.com,TW484@example.com,20/05/2021
JP1013@example.com,FL485@example.com,20/05/2021
JP1013@example.com,JC486@example.com,20/05/2021
JP1013@example.com,SS487@example.com,20/05/2021
JP1013@example.com,CN488@example.com,20/05/2021
JP1013@example.com,IP489@example.com,20/05/2021
JP1013@example.com,EC490@example.com,20/05/2021
JP1013@example.com,MP491@example.com,20/05/2021
JP1013@example.com,RF492@example.com,20/05/2021
JP1013@example.com,TH493@example.com,20/05/2021
JP1013@example.com,KG494@example.com,20/05/2021
JP1013@example.com,AO495@example.com,20/05/2021
JP1013@example.com,MB496@example.com,20/05/2021
JP1013@example.com,BC497@example.com,20/05/2021
JP1013@example.com,LF498@example.com,20/05/2021
JP1013@example.com,BP499@example.com,20/05/2021
JP1013@example.com,OI500@example.com,20/05/2021
JP1013@example.com,MB501@example.com,20/05/2021
JP1013@example.com,AT502@example.com,20/05/2021
JP1013@example.com,ES503@example.com,20/05/2021
JP1013@example.com,AB504@example.com,20/05/2021
JP1013@example.com,PO505@example.com,20/05/2021
JP1013@example.com,MS506@example.com,20/05/2021
JP1013@example.com,AC507@example.com,20/05/2021
JP1013@example.com,SG508@example.com,20/05/2021
JP1013@example.com,EA509@example.com,20/05/2021
JP1013@example.com,SB510@example.com,20/05/2021
JP1013@example.com,DC511@example.com,20/05/2021
JP1013@example.com,KM512@example.com,20/05/2021
JP1013@example.com,ZE513@example.com,20/05/2021
JP1013@example.com,RM514@example.com,20/05/2021
JP1013@example.com,DL515@example.com,20/05/2021
JP1013@example.com,AM516@example.com,20/05/2021
JP1013@example.com,KH517@example.com,20/05/2021
JP1013@example.com,PF518@example.com,20/05/2021
JP1013@example.com,RK519@example.com,20/05/2021
JP1013@example.com,ZM520@example.com,20/05/2021
NT1014@example.com,CP521@example.com,20/05/2021
NT1014@example.com,ZL522@example.com,20/05/2021
NT1014@example.com,AV523@example.com,20/05/2021
NT1014@example.com,BN524@example.com,20/05/2021
NT1014@example.com,CM525@example.com,20/05/2021
NT1014@example.com,KS526@example.com,20/05/2021
NT1014@example.com,DF527@example.com,20/05/2021
NT1014@example.com,GY528@example.com,20/05/2021
NT1014@example.com,JH529@example.com,20/05/2021
NT1014@example.com,DM530@example.com,20/05/2021
NT1014@example.com,CM531@example.com,20/05/2021
NT1014@example.com,JV532@example.com,20/05/2021
NT1014@example.com,DZ533@example.com,20/05/2021
NT1014@example.com,KP534@example.com,20/05/2021
NT1014@example.com,BS535@example.com,20/05/2021
NT1014@example.com,SO536@example.com,20/05/2021
NT1014@example.com,BB537@example.com,20/05/2021
NT1014@example.com,ML538@example.com,20/05/2021
NT1014@example.com,HB539@example.com,20/05/2021
NT1014@example.com,QV540@example.com,20/05/2021
NT1014@example.com,RC541@example.com,20/05/2021
NT1014@example.com,SD542@example.com,20/05/2021
NT1014@example.com,CB543@example.com,20/05/2021
NT1014@example.com,KC544@example.com,20/05/2021
NT1014@example.com,WP545@example.com,20/05/2021
NT1014@example.com,JP546@example.com,20/05/2021
NT1014@example.com,NB547@example.com,20/05/2021
NT1014@example.com,CM548@example.com,20/05/2021
NT1014@example.com,JS549@example.com,20/05/2021
NT1014@example.com,MS550@example.com,20/05/2021
NT1014@example.com,BB551@example.com,20/05/2021
NT1014@example.com,DA552@example.com,20/05/2021
NT1014@example.com,GS553@example.com,20/05/2021
NT1014@example.com,DL554@example.com,20/05/2021
NT1014@example.com,AT555@example.com,20/05/2021
NT1014@example.com,MM556@example.com,20/05/2021
NT1014@example.com,RH557@example.com,20/05/2021
NT1014@example.com,RB558@example.com,20/05/2021
NT1014@example.com,AO559@example.com,20/05/2021
NT1014@example.com,DC560@example.com,20/05/2021
CW1015@example.com,KM561@example.com,20/05/2021
CW1015@example.com,JN562@example.com,20/05/2021
CW1015@example.com,SW563@example.com,20/05/2021
CW1015@example.com,LP564@example.com,20/05/2021
CW1015@example.com,AB565@example.com,20/05/2021
CW1015@example.com,SS566@example.com,20/05/2021
CW1015@example.com,DR567@example.com,20/05/2021
CW1015@example.com,RN568@example.com,20/05/2021
CW1015@example.com,CH569@example.com,20/05/2021
CW1015@example.com,YL570@example.com,20/05/2021
CW1015@example.com,SF571@example.com,20/05/2021
CW1015@example.com,CR572@example.com,20/05/2021
CW1015@example.com,ZH573@example.com,20/05/2021
CW1015@example.com,RA574@example.com,20/05/2021
CW1015@example.com,RS575@example.com,20/05/2021
CW1015@example.com,SM576@example.com,20/05/2021
CW1015@example.com,BV577@example.com,20/05/2021
CW1015@example.com,SB578@example.com,20/05/2021
CW1015@example.com,SM579@example.com,20/05/2021
CW1015@example.com,JW580@example.com,20/05/2021
CW1015@example.com,HU581@example.com,20/05/2021
CW1015@example.com,AB582@example.com,20/05/2021
CW1015@example.com,AG583@example.com,20/05/2021
CW1015@example.com,JS584@example.com,20/05/2021
CW1015@example.com,JH585@example.com,20/05/2021
CW1015@example.com,JC586@example.com,20/05/2021
CW1015@example.com,KM587@example.com,20/05/2021
CW1015@example.com,RC588@example.com,20/05/2021
CW1015@example.com,LW589@example.com,20/05/2021
CW1015@example.com,KD590@example.com,20/05/2021
CW1015@example.com,DY591@example.com,20/05/2021
CW1015@example.com,SC592@example.com,20/05/2021
CW1015@example.com,AZ593@example.com,20/05/2021
CW1015@example.com,KC594@example.com,20/05/2021
CW1015@example.com,BW595@example.com,20/05/2021
CW1015@example.com,KM596@example.com,20/05/2021
CW1015@example.com,TP597@example.com,20/05/2021
CW1015@example.com,JR598@example.com,20/05/2021
CW1015@example.com,EL599@example.com,20/05/2021
CW1015@example.com,SC600@example.com,20/05/2021
JH1016@example.com,WD601@example.com,20/05/2021
JH1016@example.com,JC602@example.com,20/05/2021
JH1016@example.com,NM603@example.com,20/05/2021
JH1016@example.com,QL604@example.com,20/05/2021
JH1016@example.com,SH605@example.com,20/05/2021
JH1016@example.com,BR606@example.com,20/05/2021
JH1016@example.com,MC607@example.com,20/05/2021
JH1016@example.com,DJ608@example.com,20/05/2021
JH1016@example.com,AH609@example.com,20/05/2021
JH1016@example.com,DM610@example.com,20/05/2021
JH1016@example.com,BA611@example.com,20/05/2021
JH1016@example.com,FP612@example.com,20/05/2021
JH1016@example.com,OH613@example.com,20/05/2021
JH1016@example.com,RR614@example.com,20/05/2021
JH1016@example.com,RS615@example.com,20/05/2021
JH1016@example.com,BK616@example.com,20/05/2021
JH1016@example.com,CC617@example.com,20/05/2021
JH1016@example.com,SM618@example.com,20/05/2021
JH1016@example.com,VC619@example.com,20/05/2021
JH1016@example.com,LS620@example.com,20/05/2021
JH1016@example.com,TB621@example.com,20/05/2021
JH1016@example.com,LR622@example.com,20/05/2021
JH1016@example.com,AG623@example.com,20/05/2021
JH1016@example.com,AW624@example.com,20/05/2021
JH1016@example.com,GB625@example.com,20/05/2021
JH1016@example.com,LK626@example.com,20/05/2021
JH1016@example.com,RW627@example.com,20/05/2021
JH1016@example.com,AB628@example.com,20/05/2021
JH1016@example.com,AB629@example.com,20/05/2021
JH1016@example.com,KA630@example.com,20/05/2021
JH1016@example.com,IV631@example.com,20/05/2021
JH1016@example.com,MM632@example.com,20/05/2021
JH1016@example.com,TR633@example.com,20/05/2021
JH1016@example.com,LV634@example.com,20/05/2021
JH1016@example.com,MY635@example.com,20/05/2021
JH1016@example.com,UH636@example.com,20/05/2021
JH1016@example.com,DV637@example.com,20/05/2021
JH1016@example.com,KA638@example.com,20/05/2021
JH1016@example.com,LA639@example.com,20/05/2021
JH1016@example.com,MT640@example.com,20/05/2021
JS1017@example.com,AG641@example.com,20/05/2021
JS1017@example.com,LC642@example.com,20/05/2021
JS1017@example.com,RS643@example.com,20/05/2021
JS1017@example.com,CS644@example.com,20/05/2021
JS1017@example.com,KF645@example.com,20/05/2021
JS1017@example.com,DW646@example.com,20/05/2021
JS1017@example.com,SD647@example.com,20/05/2021
JS1017@example.com,EH648@example.com,20/05/2021
JS1017@example.com,OB649@example.com,20/05/2021
JS1017@example.com,EP650@example.com,20/05/2021
JS1017@example.com,NY651@example.com,20/05/2021
JS1017@example.com,TD652@example.com,20/05/2021
JS1017@example.com,SH653@example.com,20/05/2021
JS1017@example.com,FF654@example.com,20/05/2021
JS1017@example.com,WA655@example.com,20/05/2021
JS1017@example.com,DM656@example.com,20/05/2021
JS1017@example.com,HB657@example.com,20/05/2021
JS1017@example.com,BA658@example.com,20/05/2021
JS1017@example.com,FB659@example.com,20/05/2021
JS1017@example.com,LZ660@example.com,20/05/2021
JS1017@example.com,MH661@example.com,20/05/2021
JS1017@example.com,CG662@example.com,20/05/2021
JS1017@example.com,JC663@example.com,20/05/2021
JS1017@example.com,AH664@example.com,20/05/2021
JS1017@example.com,DS665@example.com,20/05/2021
JS1017@example.com,JR666@example.com,20/05/2021
JS1017@example.com,DC667@example.com,20/05/2021
JS1017@example.com,LH668@example.com,20/05/2021
JS1017@example.com,ZB669@example.com,20/05/2021
JS1017@example.com,AG670@example.com,20/05/2021
JS1017@example.com,NA671@example.com,20/05/2021
JS1017@example.com,DB672@example.com,20/05/2021
JS1017@example.com,TK673@example.com,20/05/2021
JS1017@example.com,CH674@example.com,20/05/2021
JS1017@example.com,KC675@example.com,20/05/2021
JS1017@example.com,ZD676@example.com,20/05/2021
JS1017@example.com,NC677@example.com,20/05/2021
JS1017@example.com,AW678@example.com,20/05/2021
JS1017@example.com,RG679@example.com,20/05/2021
JS1017@example.com,BA680@example.com,20/05/2021
LC1018@example.com,RM681@example.com,20/05/2021
LC1018@example.com,QO682@example.com,20/05/2021
LC1018@example.com,AS683@example.com,20/05/2021
LC1018@example.com,CH684@example.com,20/05/2021
LC1018@example.com,AB685@example.com,20/05/2021
LC1018@example.com,HP686@example.com,20/05/2021
LC1018@example.com,KP687@example.com,20/05/2021
LC1018@example.com,LP688@example.com,20/05/2021
LC1018@example.com,MR689@example.com,20/05/2021
LC1018@example.com,KB690@example.com,20/05/2021
LC1018@example.com,MK691@example.com,20/05/2021
LC1018@example.com,RG692@example.com,20/05/2021
LC1018@example.com,TW693@example.com,20/05/2021
LC1018@example.com,KB694@example.com,20/05/2021
LC1018@example.com,LM695@example.com,20/05/2021
LC1018@example.com,MM696@example.com,20/05/2021
LC1018@example.com,CC697@example.com,20/05/2021
LC1018@example.com,SH698@example.com,20/05/2021
LC1018@example.com,AB699@example.com,20/05/2021
LC1018@example.com,TS700@example.com,20/05/2021
LC1018@example.com,CC701@example.com,20/05/2021
LC1018@example.com,LT702@example.com,20/05/2021
LC1018@example.com,AH703@example.com,20/05/2021
LC1018@example.com,AK704@example.com,20/05/2021
LC1018@example.com,KB705@example.com,20/05/2021
LC1018@example.com,TW706@example.com,20/05/2021
LC1018@example.com,JG707@example.com,20/05/2021
LC1018@example.com,YR708@example.com,20/05/2021
LC1018@example.com,BV709@example.com,20/05/2021
LC1018@example.com,KH710@example.com,20/05/2021
LC1018@example.com,AK711@example.com,20/05/2021
LC1018@example.com,CW712@example.com,20/05/2021
LC1018@example.com,MA713@example.com,20/05/2021
LC1018@example.com,VB714@example.com,20/05/2021
LC1018@example.com,JM715@example.com,20/05/2021
LC1018@example.com,CM716@example.com,20/05/2021
LC1018@example.com,BM717@example.com,20/05/2021
LC1018@example.com,JR718@example.com,20/05/2021
LC1018@example.com,CV719@example.com,20/05/2021
LC1018@example.com,HS720@example.com,20/05/2021
LR1019@example.com,NS721@example.com,20/05/2021
LR1019@example.com,MW722@example.com,20/05/2021
LR1019@example.com,DH723@example.com,20/05/2021
LR1019@example.com,RO724@example.com,20/05/2021
LR1019@example.com,JM725@example.com,20/05/2021
LR1019@example.com,JM726@example.com,20/05/2021
LR1019@example.com,LB727@example.com,20/05/2021
LR1019@example.com,BS728@example.com,20/05/2021
LR1019@example.com,ES729@example.com,20/05/2021
LR1019@example.com,RH730@example.com,20/05/2021
LR1019@example.com,RP731@example.com,20/05/2021
LR1019@example.com,SV732@example.com,20/05/2021
LR1019@example.com,JB733@example.com,20/05/2021
LR1019@example.com,HJ734@example.com,20/05/2021
LR1019@example.com,DE735@example.com,20/05/2021
LR1019@example.com,VB736@example.com,20/05/2021
LR1019@example.com,CD737@example.com,20/05/2021
LR1019@example.com,EP738@example.com,20/05/2021
LR1019@example.com,JM739@example.com,20/05/2021
LR1019@example.com,LS740@example.com,20/05/2021
LR1019@example.com,MG741@example.com,20/05/2021
LR1019@example.com,AS742@example.com,20/05/2021
LR1019@example.com,AE743@example.com,20/05/2021
LR1019@example.com,HH744@example.com,20/05/2021
LR1019@example.com,MW745@example.com,20/05/2021
LR1019@example.com,TC746@example.com,20/05/2021
LR1019@example.com,AS747@example.com,20/05/2021
LR1019@example.com,JK748@example.com,20/05/2021
LR1019@example.com,NN749@example.com,20/05/2021
LR1019@example.com,WM750@example.com,20/05/2021
LR1019@example.com,OM751@example.com,20/05/2021
LR1019@example.com,EM752@example.com,20/05/2021
LR1019@example.com,AM753@example.com,20/05/2021
LR1019@example.com,CS754@example.com,20/05/2021
LR1019@example.com,SS755@example.com,20/05/2021
LR1019@example.com,AK756@example.com,20/05/2021
LR1019@example.com,IC757@example.com,20/05/2021
LR1019@example.com,MB758@example.com,20/05/2021
LR1019@example.com,ER759@example.com,20/05/2021
LR1019@example.com,HR760@example.com,20/05/2021
ML1020@example.com,CW761@example.com,20/05/2021
ML1020@example.com,GJ762@example.com,20/05/2021
ML1020@example.com,AL763@example.com,20/05/2021
ML1020@example.com,LK764@example.com,20/05/2021
ML1020@example.com,EB765@example.com,20/05/2021
ML1020@example.com,EK766@example.com,20/05/2021
ML1020@example.com,SL767@example.com,20/05/2021
ML1020@example.com,EM768@example.com,20/05/2021
ML1020@example.com,AD769@example.com,20/05/2021
ML1020@example.com,MO770@example.com,20/05/2021
ML1020@example.com,SW771@example.com,20/05/2021
ML1020@example.com,EP772@example.com,20/05/2021
ML1020@example.com,MK773@example.com,20/05/2021
ML1020@example.com,LC774@example.com,20/05/2021
ML1020@example.com,PM775@example.com,20/05/2021
ML1020@example.com,AB776@example.com,20/05/2021
ML1020@example.com,CD777@example.com,20/05/2021
ML1020@example.com,GD778@example.com,20/05/2021
ML1020@example.com,EM779@example.com,20/05/2021
ML1020@example.com,NB780@example.com,20/05/2021
ML1020@example.com,HM781@example.com,20/05/2021
ML1020@example.com,ZB782@example.com,20/05/2021
ML1020@example.com,RG783@example.com,20/05/2021
ML1020@example.com,VP784@example.com,20/05/2021
ML1020@example.com,LC785@example.com,20/05/2021
ML1020@example.com,AB786@example.com,20/05/2021
ML1020@example.com,VD787@example.com,20/05/2021
ML1020@example.com,ND788@example.com,20/05/2021
ML1020@example.com,HM789@example.com,20/05/2021
ML1020@example.com,EO790@example.com,20/05/2021
ML1020@example.com,ZS791@example.com,20/05/2021
ML1020@example.com,SB792@example.com,20/05/2021
ML1020@example.com,ES793@example.com,20/05/2021
ML1020@example.com,IL794@example.com,20/05/2021
ML1020@example.com,LS795@example.com,20/05/2021
ML1020@example.com,LM796@example.com,20/05/2021
ML1020@example.com,AH797@example.com,20/05/2021
ML1020@example.com,WC798@example.com,20/05/2021
ML1020@example.com,LS799@example.com,20/05/2021
ML1020@example.com,PC800@example.com,20/05/2021
PR1021@example.com,NG801@example.com,20/05/2021
PR1021@example.com,NH802@example.com,20/05/2021
PR1021@example.com,ED803@example.com,20/05/2021
PR1021@example.com,BE804@example.com,20/05/2021
PR1021@example.com,EN805@example.com,20/05/2021
PR1021@example.com,AG806@example.com,20/05/2021
PR1021@example.com,CB807@example.com,20/05/2021
PR1021@example.com,IM808@example.com,20/05/2021
PR1021@example.com,KS809@example.com,20/05/2021
PR1021@example.com,AL810@example.com,20/05/2021
PR1021@example.com,ME811@example.com,20/05/2021
PR1021@example.com,GH812@example.com,20/05/2021
PR1021@example.com,SB813@example.com,20/05/2021
PR1021@example.com,BM814@example.com,20/05/2021
PR1021@example.com,AH815@example.com,20/05/2021
PR1021@example.com,ML816@example.com,20/05/2021
PR1021@example.com,SF817@example.com,20/05/2021
PR1021@example.com,AG818@example.com,20/05/2021
PR1021@example.com,DM819@example.com,20/05/2021
PR1021@example.com,SK820@example.com,20/05/2021
PR1021@example.com,CH821@example.com,20/05/2021
PR1021@example.com,KS822@example.com,20/05/2021
PR1021@example.com,VB823@example.com,20/05/2021
PR1021@example.com,RN824@example.com,20/05/2021
PR1021@example.com,SS825@example.com,20/05/2021
PR1021@example.com,AW826@example.com,20/05/2021
PR1021@example.com,GC827@example.com,20/05/2021
PR1021@example.com,SF828@example.com,20/05/2021
PR1021@example.com,AB829@example.com,20/05/2021
PR1021@example.com,AM830@example.com,20/05/2021
PR1021@example.com,HH831@example.com,20/05/2021
PR1021@example.com,AE832@example.com,20/05/2021
PR1021@example.com,NH833@example.com,20/05/2021
PR1021@example.com,NQ834@example.com,20/05/2021
PR1021@example.com,QR835@example.com,20/05/2021
PR1021@example.com,JS836@example.com,20/05/2021
PR1021@example.com,SW837@example.com,20/05/2021
PR1021@example.com,CT838@example.com,20/05/2021
PR1021@example.com,EH839@example.com,20/05/2021
PR1021@example.com,SR840@example.com,20/05/2021
AW1022@example.com,PP841@example.com,20/05/2021
AW1022@example.com,LM842@example.com,20/05/2021
AW1022@example.com,EC843@example.com,20/05/2021
AW1022@example.com,EG844@example.com,20/05/2021
AW1022@example.com,MB845@example.com,20/05/2021
AW1022@example.com,LC846@example.com,20/05/2021
AW1022@example.com,JF847@example.com,20/05/2021
AW1022@example.com,PD848@example.com,20/05/2021
AW1022@example.com,BM849@example.com,20/05/2021
AW1022@example.com,AM850@example.com,20/05/2021
AW1022@example.com,VV851@example.com,20/05/2021
AW1022@example.com,RR852@example.com,20/05/2021
AW1022@example.com,CM853@example.com,20/05/2021
AW1022@example.com,RH854@example.com,20/05/2021
AW1022@example.com,MM855@example.com,20/05/2021
AW1022@example.com,MS856@example.com,20/05/2021
AW1022@example.com,JB857@example.com,20/05/2021
AW1022@example.com,AF858@example.com,20/05/2021
AW1022@example.com,MP859@example.com,20/05/2021
AW1022@example.com,LL860@example.com,20/05/2021
AW1022@example.com,HB861@example.com,20/05/2021
AW1022@example.com,AH862@example.com,20/05/2021
AW1022@example.com,RP863@example.com,20/05/2021
AW1022@example.com,RR864@example.com,20/05/2021
AW1022@example.com,EH865@example.com,20/05/2021
AW1022@example.com,AH866@example.com,20/05/2021
AW1022@example.com,KM867@example.com,20/05/2021
AW1022@example.com,LB868@example.com,20/05/2021
AW1022@example.com,MN869@example.com,20/05/2021
AW1022@example.com,AA870@example.com,20/05/2021
AW1022@example.com,IE871@example.com,20/05/2021
AW1022@example.com,CV872@example.com,20/05/2021
AW1022@example.com,AA873@example.com,20/05/2021
AW1022@example.com,MP874@example.com,20/05/2021
AW1022@example.com,RM875@example.com,20/05/2021
AW1022@example.com,MB876@example.com,20/05/2021
AW1022@example.com,IS877@example.com,20/05/2021
AW1022@example.com,PM878@example.com,20/05/2021
AW1022@example.com,XL879@example.com,20/05/2021
AW1022@example.com,EC880@example.com,20/05/2021
CY1023@example.com,AS881@example.com,20/05/2021
CY1023@example.com,KM882@example.com,20/05/2021
CY1023@example.com,EM883@example.com,20/05/2021
CY1023@example.com,JB884@example.com,20/05/2021
CY1023@example.com,KD885@example.com,20/05/2021
CY1023@example.com,FG886@example.com,20/05/2021
CY1023@example.com,AD887@example.com,20/05/2021
CY1023@example.com,EV888@example.com,20/05/2021
CY1023@example.com,AH889@example.com,20/05/2021
CY1023@example.com,AM890@example.com,20/05/2021
CY1023@example.com,JE891@example.com,20/05/2021
CY1023@example.com,AR892@example.com,20/05/2021
CY1023@example.com,DF893@example.com,20/05/2021
CY1023@example.com,RB894@example.com,20/05/2021
CY1023@example.com,VA895@example.com,20/05/2021
CY1023@example.com,BF896@example.com,20/05/2021
CY1023@example.com,CP897@example.com,20/05/2021
CY1023@example.com,AT898@example.com,20/05/2021
CY1023@example.com,SC899@example.com,20/05/2021
CY1023@example.com,VC900@example.com,20/05/2021
CY1023@example.com,NB901@example.com,20/05/2021
CY1023@example.com,AN902@example.com,20/05/2021
CY1023@example.com,EC903@example.com,20/05/2021
CY1023@example.com,AF904@example.com,20/05/2021
CY1023@example.com,ED905@example.com,20/05/2021
CY1023@example.com,AB906@example.com,20/05/2021
CY1023@example.com,IB907@example.com,20/05/2021
CY1023@example.com,AL908@example.com,20/05/2021
CY1023@example.com,RP909@example.com,20/05/2021
CY1023@example.com,KD910@example.com,20/05/2021
CY1023@example.com,TC911@example.com,20/05/2021
CY1023@example.com,LH912@example.com,20/05/2021
CY1023@example.com,LP913@example.com,20/05/2021
CY1023@example.com,EV914@example.com,20/05/2021
CY1023@example.com,CB915@example.com,20/05/2021
CY1023@example.com,SH916@example.com,20/05/2021
CY1023@example.com,BF917@example.com,20/05/2021
CY1023@example.com,KQ918@example.com,20/05/2021
CY1023@example.com,GL919@example.com,20/05/2021
CY1023@example.com,AE920@example.com,20/05/2021
MA1024@example.com,BB921@example.com,20/05/2021
MA1024@example.com,JD922@example.com,20/05/2021
MA1024@example.com,MM923@example.com,20/05/2021
MA1024@example.com,MX924@example.com,20/05/2021
MA1024@example.com,HH925@example.com,20/05/2021
MA1024@example.com,GC926@example.com,20/05/2021
MA1024@example.com,ML927@example.com,20/05/2021
MA1024@example.com,CH928@example.com,20/05/2021
MA1024@example.com,FR929@example.com,20/05/2021
MA1024@example.com,JM930@example.com,20/05/2021
MA1024@example.com,SL931@example.com,20/05/2021
MA1024@example.com,JF932@example.com,20/05/2021
MA1024@example.com,SS933@example.com,20/05/2021
MA1024@example.com,AM934@example.com,20/05/2021
MA1024@example.com,KA935@example.com,20/05/2021
MA1024@example.com,RB936@example.com,20/05/2021
MA1024@example.com,EW937@example.com,20/05/2021
MA1024@example.com,JP938@example.com,20/05/2021
MA1024@example.com,AW939@example.com,20/05/2021
MA1024@example.com,MJ940@example.com,20/05/2021
MA1024@example.com,BK941@example.com,20/05/2021
MA1024@example.com,TR942@example.com,20/05/2021
MA1024@example.com,MB943@example.com,20/05/2021
MA1024@example.com,JP944@example.com,20/05/2021
MA1024@example.com,LD945@example.com,20/05/2021
MA1024@example.com,AS946@example.com,20/05/2021
MA1024@example.com,OF947@example.com,20/05/2021
MA1024@example.com,RM948@example.com,20/05/2021
MA1024@example.com,AG949@example.com,20/05/2021
MA1024@example.com,AC950@example.com,20/05/2021
MA1024@example.com,FE951@example.com,20/05/2021
MA1024@example.com,AS952@example.com,20/05/2021
MA1024@example.com,JB953@example.com,20/05/2021
MA1024@example.com,HM954@example.com,20/05/2021
MA1024@example.com,LV955@example.com,20/05/2021
MA1024@example.com,AO956@example.com,20/05/2021
MA1024@example.com,GV957@example.com,20/05/2021
MA1024@example.com,VS958@example.com,20/05/2021
MA1024@example.com,GS959@example.com,20/05/2021
MA1024@example.com,NA960@example.com,20/05/2021
MK1025@example.com,MS961@example.com,20/05/2021
MK1025@example.com,EM962@example.com,20/05/2021
MK1025@example.com,PC963@example.com,20/05/2021
MK1025@example.com,KS964@example.com,20/05/2021
MK1025@example.com,ZS965@example.com,20/05/2021
MK1025@example.com,AL966@example.com,20/05/2021
MK1025@example.com,KC967@example.com,20/05/2021
MK1025@example.com,PC968@example.com,20/05/2021
MK1025@example.com,BD969@example.com,20/05/2021
MK1025@example.com,RS970@example.com,20/05/2021
MK1025@example.com,AP971@example.com,20/05/2021
MK1025@example.com,AA972@example.com,20/05/2021
MK1025@example.com,SH973@example.com,20/05/2021
MK1025@example.com,AP974@example.com,20/05/2021
MK1025@example.com,LL975@example.com,20/05/2021
MK1025@example.com,LH976@example.com,20/05/2021
MK1025@example.com,RN977@example.com,20/05/2021
MK1025@example.com,TG978@example.com,20/05/2021
MK1025@example.com,DM979@example.com,20/05/2021
MK1025@example.com,AM980@example.com,20/05/2021
MK1025@example.com,LT981@example.com,20/05/2021
MK1025@example.com,LJ982@example.com,20/05/2021
MK1025@example.com,ED983@example.com,20/05/2021
MK1025@example.com,MR984@example.com,20/05/2021
MK1025@example.com,AC985@example.com,20/05/2021
MK1025@example.com,ZM986@example.com,20/05/2021
MK1025@example.com,BB987@example.com,20/05/2021
MK1025@example.com,SH988@example.com,20/05/2021
MK1025@example.com,LR989@example.com,20/05/2021
MK1025@example.com,LR990@example.com,20/05/2021
MK1025@example.com,SW991@example.com,20/05/2021
MK1025@example.com,MD992@example.com,20/05/2021
MK1025@example.com,SO993@example.com,20/05/2021
MK1025@example.com,DS994@example.com,20/05/2021
MK1025@example.com,AJ995@example.com,20/05/2021
MK1025@example.com,VW996@example.com,20/05/2021
MK1025@example.com,AB997@example.com,20/05/2021
MK1025@example.com,NJ998@example.com,20/05/2021
MK1025@example.com,EG999@example.com,20/05/2021
MK1025@example.com,RM1000@example.com,20/05/2021